ID,标签,问题,答案
0,0,贵校在提前批和普通类均有招生，请问有什么不同吗，是二者能报考的学科不同吗，哪一个优势更大一些？,您好，2021年我校在提前批次招生计划为公费定向粤东粤西粤北教师专项，具体请查看2021年的招生计划。https://zsb.scnu.edu.cn/a/20210625/475.html
1,0,请问贵校今年在湖北有提前批计划吗？具体是什么？,无
2,0,请问211院校组的137.147是第一次招录吗？,您好，我校专业组211的137和147分别为心理学师范和物理学师范专业，非第一次招录。具体录取情况，请参考https://zsb.scnu.edu.cn/zhiyuancankao/
3,0,老师，我只考了音乐表演（器乐）专业，没考音乐学。如果贵校这个专业组的音乐学有空位，但音乐表演（器乐）没有空位，会投档吗？,您好，音乐表演（器乐）和音乐学属于两个专业组，若填报音乐表演器乐类，不会被调剂到音乐学。
4,0,请问教师专项合约6年到期后可以继续留在当地任教吗？,你好，教师专项毕业生的服务期限为不少于6年，6年后可以继续留在当地任教，具体需要与地方教育局协商。
5,0,老师，我的统考是音乐表演-器乐，没考音乐学。如果服从调剂，进档后器乐专业人满，会被退档，还是会调剂到同一个专业组的音乐学专业？,您好，音乐表演（器乐）和音乐学属于两个不同的专业组，若投档音乐表演（器乐）不会被调剂到音乐学专业。
6,0,考生高考分数普通类（历史）538分，想报考华师的定向师范生（教师专项），但在填报志愿时，提前批没有看到“提前批本科.教师专项。只有1.提前批本科.空军招飞，2.提前批本科.军检院校（含）公安，3.提前批专科。不知什么原因，一直没能成功填报，一直想咨询如何才能成功填报，今天一直在打电...[详细],我们广东省所有批次在此时段报考：第二时段：6月28日19:00-7月3日16:00。除第一时段填报的院校专业组志愿外的其他所有各批次、各科类（普通类、艺体类等）院校专业组志愿，均需在本时段填报并进行网上确认志愿信息。
7,0,服从调剂的考生被提档后还会被退档吗？能否从非师范类专业转到师范类专业，转专业难不难？,考生所填的专业志愿都未被录取时，如服从专业调剂，按考生投档总分从高到低作调剂录取到招生计划有空额且符合计划相关专业要招生要求的专业录取。转专业请上我校教务处网站查阅。
8,0,老师，我是高考日语考生，咱们学校是否可以用日语代替英语冲抵学分？（非日语专业）,您好，我校公共外语教学为英语，非英语语种考生需慎重报考。
9,0,请问教师专项定向到镇，是指那一个镇内可以自由选择学校，还是说连学校都分配好了?,您好，教师专项计划具体请查阅《华南师范大学招收高中起点公费定向培养粤东粤西粤北地区中小学教师专项计划招生办法》，https://zsb.scnu.edu.cn/a/20200519/417.html
10,0,请问贵校师范类和非师范类的专业组哪个分数和排位要求会更高呢？,您好，具体请查询往年录取情况。https://zsb.scnu.edu.cn/zhiyuancankao/
11,0,广东考生，物理558，排位60191，外语学的是日语，报考贵校教师专项，如果有机会录取了，公共课能否申请日语代替英语，申请有没有什么条件，谢谢,您好，我校的公共外语教学为英语，非英语语种考生需慎重报考。
12,0,广东历史类考生，排位733o位，报贵校师范类有希望录取吗？,您好，请查询往年的录取情况。https://zsb.scnu.edu.cn/zhiyuancankao/
13,0,您好！请问你们的特殊教育是专项的吗？普通本科能报？,不是，特殊教育专业是本科批次的普通师范专业。
14,0,请问广东考生587，省排5683有望报考贵校新闻系吗，若调剂是否是同一学院,录取情况请参考https://zsb.scnu.edu.cn/zhiyuancankao/；服从调剂是指服从所在院校专业组的调剂，不同院校专业组之间的专业不会互相调剂。当考生填报的六个专业志愿都未被录取时，我校不再跟学生联系，直接把服从调剂的考生调剂到招生计划仍有缺额的专业。
15,0,特殊教育专业是普通招生还是提前批专项招生？,您好，特殊教育专业是普通招生。
16,0,你好，我是广东考生，如果我提前批教师专项报两个学校，但第一个学校没录到我，那么是轮到我报的第二个学校还是转到本科批,您好，我校今年录取原则为“分数优先，遵循志愿”，不设置专业级差。
17,0,广东理科考生成绩是571排位47131填报地方专项被录取的概率多高？,请参考往年录取情况https://zsb.scnu.edu.cn/zhiyuancankao/
18,0,贵校今年的调档比例是多少？如果没有服从调剂会有退档风险吗？,您好，平行志愿调档比例为1:1，若考生不服从调剂的，或服从调剂但是不符合计划有空额专业相关要求的，做退档处理。
19,0,文史类排名23748进贵校的教师专项机会大吗？还有教师专项计划志愿填报只能填一个院校专业组吗？,教师专项计划，可填报10个平行志愿录取情况请参考https://zsb.scnu.edu.cn/zhiyuancankao/
20,0,你好，请问在就读教师专项期间可以响应国家号召应征入伍吗？,根据广东省教育厅相关文件（见http://jyj.gz.gov.cn/yw/tzgg/content/post_5819369.html），公费定向培养对象如因身体健康、应征入伍等特殊原因，经培养院校和计划来源地确定取消公费定向培养资格的，由所在高校按照国家有关规定负责调整和处理。目前第一位从教师专项专业入伍的同学还未退伍...[详细]
21,0,如果是超过一比一，且服从调剂。在第一志愿被调档后但没有被录取，是先被调剂还是先录取第二志愿,您好，平行志愿调档比例为1:1，被调档后，若考生服从专业调剂，按考生投档总分从高到低作调剂录取到招生计划有空额且符合相关专业要求的专业录取。
22,0,你好，我想问一下，汕尾的教师专项计划要进行提前的资格申请吗，还是到志愿填报开放直接进行填报就行。,您好，志愿填报开放直接进行填报就行。我们广东省所有批次在此时段报考：第二时段：6月28日19:00-7月3日16:00。
23,0,文科历史类565分排位12253，能进贵校吗？,您好，如有意报考我校，可根据自己的高考成绩和兴趣爱好，结合我校近三年的最低投档排位填报志愿。具体请参考https://zsb.scnu.edu.cn/zhiyuancankao/
24,0,请问文科排位9093冲得到的可能大吗？,您好，具体请参考往年的录取情况。https://zsb.scnu.edu.cn/zhiyuancankao/
25,0,定向师范生在大学四年学习什么?(小学教育),请咨询汕尾校区，电话：0660-3390065
26,0,在2021年广东夏季高考，如果投档进了某一个学校（投档分够了），但是专业分不够会怎么样（假设所有专业分都不够会怎么样）？请解答，谢谢！,您好，当考生填报的六个专业志愿都未被录取时，我校不再跟学生联系，直接把服从调剂的考生调剂到招生计划仍有缺额的专业。
27,0,今年汉语言文学有非师范类的吗,您好，具体的招生计划请参考https://zsb.scnu.edu.cn/a/20210625/475.html
28,0,广东考生，物理558，排位60191，外语学的是日语，报考贵校教师专项，如果有机会录取了，公共课能否申请日语代替英语，申请有没有什么条件，谢谢,本校公共外语教学为英语，非英语语种考生需慎重报考。
29,0,请问贵校会因低分退档吗？,您好，考生不服从调剂的，或服从调剂但是不符合计划有空额专业相关要求的，做退档处理。
30,0,老师您好！请问广东考生排名23290名能报读贵校的计算机科学与技术吗？或者是软件工程，谢谢🙏,您好，请参考往年录取情况https://zsb.scnu.edu.cn/zhiyuancankao/
31,0,广东省考生省排18700能否进入贵校的英语师范类专业,您好，请参考往年录取情况。https://zsb.scnu.edu.cn/zhiyuancankao/
32,0,入学时是化学专业，第二个学期可以申请数学吗？,您好，入学后的第二学期，学生可根据自己的兴趣爱好进行转专业，入学后如申请转专业只限在本院校专业组的招生专业间进行。
33,0,转专业的时间是什么时候,您好，入学后的每学年的第二学期，学生可根据自己的兴趣爱好，在师范与非师范各专业申请互转。
34,0,非师范专业能否转进非师范专业,您好，入学后的第二学期，学生可根据自己的兴趣爱好，在师范与非师范各专业申请互转，入学后申请转专业只限在本院校专业组的招生专业间进行。
35,0,转专业的相关要求是什么,您好，具体转专业的要求可在我校的教务处网页进行查询。
36,0,请问没有提前报名教师专项现在还能不能填报此志愿？,我们广东省所有批次在此时段报考：第二时段：6月28日19:00-7月3日16:00。除第一时段填报的院校专业组志愿外的其他所有各批次、各科类（普通类、艺体类等）院校专业组志愿，均需在本时段填报并进行网上确认志愿信息。
37,0,您好，我想问一下华师汕尾区今年在广东是只招提前批的教师专项吗？,招生专业请参考https://zsb.scnu.edu.cn/zyjj/
38,0,老师您好，我是广东考生，首选历史531分，想填报华师的教师专项，我已经看过华师和教育局有关文件，但仍有很多疑问。请问我这个分数填报有没有必要？是需要自学考研吗？6年后是否能回广州教初中或者高中？,合约6年，6年后自主择业往年录取分数请参考https://zsb.scnu.edu.cn/zhiyuancankao/
39,0,请问华师汕尾校区现在建设程度如何？基础设施完善吗？交通便利吗？,请咨询汕尾校区0660-3390065
40,0,老师您好！深圳历史409分排位132690，报考本校专科录取希望大吗？谢谢！,我校没有专科
41,0,安徽612分9810名，报考贵校能录取么，贵校转专业容易么,您好，如有意报考我校，可根据自己的高考成绩和兴趣爱好，结合我校近三年的最低投档排位填报志愿。具体请参考https://zsb.scnu.edu.cn/zhiyuancankao/。我校新生（除艺术类、高水平运动队、运动训练、单独院校代码招生中外合作、中外联合培养专业等特殊类外）入学后第二学期，也可按自己的兴...[详细]
42,0,历史类597分排名1430在贵校的分录取概率大吗，服从调剂会被退档吗，什么专业有学科分数要求？,您好，如有意报考我校，可根据自己的高考成绩和兴趣爱好，结合我校近三年的最低投档排位填报志愿。具体请参考https://zsb.scnu.edu.cn/zhiyuancankao/。考生若服从调剂，但是不符合计划有空额专业相关专业要求的，做退档处理。专业没有学科分数要求。
43,0,贵校的体育教育专业招收物理类考生吗,您好，若有意报考我校，具体招生计划可参考https://zsb.scnu.edu.cn/zhaoshengjihua/
44,0,请问华南师范汕尾校区今年预估分数线多少？广东省18000教师专项去得了吗？,您好，由于今年报考情况未知，暂时无法估计今年录取分数线。请考生参考我校往年录取情况https://zsb.scnu.edu.cn/zhiyuancankao。
45,0,湖北美术生，有色弱，无色盲，可以报考华南师范大学美术学和产品设计专业吗,您好，具体的专业要求请参考。https://zsb.scnu.edu.cn/a/20210625/475.html
46,0,请问提前批教师定向生是免考发放教师资格证吗？假如报的小学专业，可以在校报考高中教师资格证吗？,请咨询汕尾校区，电话：06603390065
47,0,请问一下，教师专项计划是在提前批录取吗,您好，是的
48,0,华南师大汕尾校区代码是多少？华南师大汕尾校区是面向全省招生吗？,您好，我校汕尾校区的代码为80002，汕尾校区面向全省招生。
49,0,可以在同是师范类的专业组中转吗？如录的是生物可以转为数学吗？,我校新生（除艺术类、高水平运动队、运动训练、单独院校代码招生中外合作、中外联合培养专业等特殊类外）入学后第二学期，也可按自己的兴趣爱好“零门槛”申请专业转出，经考核同意后在第三学期转入新专业学习。具体参考我校教务处往年的转专业工作方案：http://module.scnu.edu.cn/index.ph...[详细]
50,0,一个高校可以报几个专业组吗,您好，广东省提前录取批次中，教师专项计划实行平行志愿。提前批次教师专项计划设置10个院校专业组平行志愿，每个院校专业组志愿设六个专业志愿和一个专业服从选项。本科录取批次中，普通类、艺术类统考、体育类实行平行志愿，其他实行顺序志愿，普通类设45个院校专业组平行志愿，艺术类统考...[详细]
51,0,色弱对214专业组可选吗？,您好，我校214专业组为化学（师范）专业，该专业要求为不招色盲色弱。
52,0,您好，请问一下，报考贵校的定向师范生工作结束后是可以自己在找工作吗？如果想教学高中教育是需要继续重修吗？谢谢。,您好，公费定向生在本科毕业后需到指定的地区服务6年。具体请查看《广东省教育厅关于做好2021年公费定向培养粤东粤西粤北地区中小去教师有关工作的通知》一文http://jyj.gz.gov.cn/yw/tzgg/content/post_5819369.html
53,0,这个对单科成绩有要求吗？,您好，本校公费定向培养粤东粤西粤北地区中小学教师试点专项计划实行“分数优先，遵循志愿”的原则，不设置专业志愿级差，根据考生投档总分从高分到低分（相同分数的按排位先后）排序进行专业录取。
54,0,如果连续两个志愿都填报贵校，但第一个没有服从调剂，而第二个服从调剂，会不会因为第一个提档后因所选专业分数不够且没服从调剂而退档，而无法进入填报贵校的第二志愿,根据各省（自治区、直辖市）投档规则出档后，考生所填的专业志愿都未被录取时，如服从专业调剂，按考生投档总分从高到低作调剂录取到招生计划有空额且符合计划相关专业要招生要求的专业录取。考生不服从调剂的，或服从调剂但是不符合计划有空额专业相关要求的，会被退到下一批次录取。
55,0,请问本校的定向培养农村教师人才的计划任教至少6年后还可以去考研，选择就业吗？,您好，具体请查看《广东省教育厅关于做好2021年公费定向培养粤东粤西粤北地区中小去教师有关工作的通知》一文http://jyj.gz.gov.cn/yw/tzgg/content/post_5819369.html
56,0,本人是福建考生，距离本科线差14分，高考分数453，高考位次34258，报考贵校的教育专科专业录取希望大吗？,我校没有专科
57,0,请问音乐学院学生宿舍一般是几人间，宿舍是报到以后统一分配还是提前可以挑，谢谢,音乐学院在大学城，4人一间
58,0,请问甘肃艺考生报考贵校音乐学，除了专业成绩，文化课要求达到多少分能上，谢谢,请参考往年录取成绩https://zsb.scnu.edu.cn/a/20210621/473.html
59,0,请问物理政治考生排名30132选择思想政治教育专业（师范类）在今年有机会吗（规定仅政治考生可选）,您好，如有意报考我校，可根据自己的高考成绩和兴趣爱好，结合我校近三年的最低投档排位填报志愿。具体请参考。https://zsb.scnu.edu.cn/zhiyuancankao/
60,0,数学与应用数学的师范专业是地方专项吗，为什么没有显示,您好，我校本科批次专业组211的数学与应用数学（师范）是普通类师范专业；专业组216的数学与用用数学（师范）是地方专项计划。
61,0,1.华南师范大学汕尾校区的提前批的专业有哪些2属于公费师范生吗,您好，汕尾校区的提前批专业包括小学教育（师范），学前教育（师范），是属于公费定向培养粤东粤西粤北地区中小学教师的学生。
62,0,全省各地都可以报教师专项吗？新校区的分数线会不会低一点？,您好，我校教师专项计划面向全广东省招生，由于今年报考情况未知，暂时无法估计今年录取分数线。请考生参考我校往年录取情况https://zsb.scnu.edu.cn/zhiyuancankao
63,0,广东考生（日语），贵校公共课可申请日语代替英语吗，谢谢,本校公共外语教学为英语，非英语语种考生需慎重报考。
64,0,广东考生物理类总分558排位60191，报考贵校教师专项录取机会大吗，可填报教师专项的几个院校专业组吗,您好，如有意报考我校，可根据自己的高考成绩和兴趣爱好，结合我校近三年的最低投档排位填报志愿。https://zsb.scnu.edu.cn/zhiyuancankao/
65,0,中外联合培养转专业的要求是什么？,中外合作办学、中外联合培养单独安排院校专业组招生，入学后如申请转专业，仅限在本招生专业组的专业间进行。入学后如果需要转专业，需经过转入专业导师组考核
66,0,请问华南师范大学（汕尾城区）的提前批教师专项的定向师范生深圳考生可以报考吗？,可以
67,0,报考华师的教师专项，共有很多个院校专业组，那是否都按1.2.3.4.5.6--10平行志愿依次填报,您好，我校公费定向培养粤东粤西粤北地区中小学教师试点专项计划实行“分数优先，遵循志愿”的原则，不设置专业志愿级差，根据考生投档总分从高分到低分（相同分数的按排位先后）排序进行专业录取。
68,0,贵校的师范类是否一定要在提前批中报志愿？师范类专业是否都是公费师范生？有没有非公费师范生？,您好，我校公费定向培养粤东粤西粤北中小学教师专项计划（下称教师专项计划）在提前批录取。普通类师范专业（非公费）在本科批录取。
69,0,我是一名河源的考生，我的排名在全省排七万三千多，想填写贵校的专业组121即小学教育（师范，定向至河源市东源县），被贵校录取的可能性有多大,您好，本校公费定向培养粤东粤西粤北地区中小学教师试点专项计划实行“分数优先，遵循志愿”的原则，不设置专业志愿级差，根据考生投档总分从高分到低分（相同分数的按排位先后）排序进行专业录取。如有意报考我校，可根据自己的高考成绩和兴趣爱好，结合我校近三年的最低投档排位填报志愿。...[详细]
70,0,请问8万排位填贵校教师专项被录取大吗？师范生被录取大概会被分到哪个校区,您好，本校公费定向培养粤东粤西粤北地区中小学教师试点专项计划实行“分数优先，遵循志愿”的原则，不设置专业志愿级差，根据考生投档总分从高分到低分（相同分数的按排位先后）排序进行专业录取。如有意报考我校，可根据自己的高考成绩和兴趣爱好，结合我校近三年的最低投档排位填报志愿。...[详细]
71,0,"老师，历史类540分，排名23955,报教师专项计划有多大机会",您好，本校公费定向培养粤东粤西粤北地区中小学教师试点专项计划实行“分数优先，遵循志愿”的原则，不设置专业志愿级差，根据考生投档总分从高分到低分（相同分数的按排位先后）排序进行专业录取。如有意报考我校，可根据自己的高考成绩和兴趣爱好，结合我校近三年的最低投档排位填报志愿。...[详细]
72,0,广东考生，物理＋生物＋地理总分555省排位63811能被贵校录取吗？,您好，如有意报考我校，可根据自己的高考成绩和兴趣爱好，结合我校近三年的最低投档排位填报志愿。https://zsb.scnu.edu.cn/zhiyuancankao/
73,0,该校的教师专项要是选择服从调剂的话意义是什么,您好，服从调剂是指服从所在院校专业组的调剂，不同院校专业组之间的专业不会互相调剂。当考生填报的六个专业志愿都未被录取时，我校不再跟学生联系，直接把服从调剂的考生调剂到招生计划仍有缺额的专业
74,0,请问广东物理排位107302被该校教师专项的学前教育录取概率大吗,您好，本校公费定向培养粤东粤西粤北地区中小学教师试点专项计划实行“分数优先，遵循志愿”的原则，不设置专业志愿级差，根据考生投档总分从高分到低分（相同分数的按排位先后）排序进行专业录取。如有意报考我校，可根据自己的高考成绩和兴趣爱好，结合我校近三年的最低投档排位填报志愿。...[详细]
75,0,广东考生，物理十生物十地理总分555省排位63811能被贵校录取吗？,您好，如有意报考我校，可根据自己的高考成绩和兴趣爱好，结合我校近三年的最低投档排位填报志愿。具体请参考https://zsb.scnu.edu.cn/zhiyuancankao/
76,0,是按旧校区的录取位次分数，还是会新提出一个录取线,您好，由于今年报考情况未知，暂时无法估计今年录取分数线。请考生参考我校往年录取情况https://zsb.scnu.edu.cn/zhiyuancankao
77,0,广东物理类598分，排位24900有机会录取到贵校吗,您好，如有意报考我校，可根据自己的高考成绩和兴趣爱好，结合我校近三年的最低投档排位填报志愿。具体请参考https://zsb.scnu.edu.cn/zhiyuancankao/
78,0,非师范专业，可以转师范数学专业吗？,您好，我校入学后的第二学期，学生可根据自己的兴趣爱好，在师范与非师范各专业申请互转
79,0,你好，广东省历史排名4800名报贵校地理科学专业会被退档吗？,您好，如有意报考我校，可根据自己的高考成绩和兴趣爱好，结合我校近三年的最低投档排位填报志愿。具体请参考https://zsb.scnu.edu.cn/zhiyuancankao/。
80,0,今年贵校公费定向教师专项计划培养定向广东廉江学前教育专业，但同时岭南师范也有同样计划，请问两者有什么区别，除开录取分数线不同之外。,您好，具体专业的相关问题可以移步我校教育科学学院官网查阅。http://jky.scnu.edu.cn
81,0,广东物化生584报考贵校，能上吗？,您好，如有意报考我校，可根据自己的高考成绩和兴趣爱好，结合我校近三年的最低投档排位填报志愿。具体请参考https://zsb.scnu.edu.cn/zhiyuancankao/
82,0,今年的本科定向专项教师可以考研吗？,您好，教师专项计划考生不可以考研。
83,0,请问地方专项计划填报的具体要求是什么？农村户口就可以了吗?,您好，重点高校招收贫困地区农村学生专项计划，即2021年地方专项计划，仅限拟获资格考生报考。具体实施区域、报考条件由各省（区、市）根据本地实际情况确定，2021年的户籍、学籍资格审核工作已结束，符合条件的考生已知情。
84,0,请问华师专业组219的金融学（中外合作办学）是四年都在南海校区读吗？这个中外合作于其他本校的专业学习有什么不一样？,您好，专业组219的金融学（中外合作办学）的办学地点为南海校区，该专业采用“4+0”模式，进行全英或双语授课，更多咨询信息请移步http://ibc.scnu.edu.cn
85,0,请问有开始马克思主义理论专业吗？是师范类的吗？如果有，本人是广东物理考生，无法报该专业，可以先选择别的理科专业，之后再转吗？转专业有什么要求吗？转完了要重修课程吗？,您好，我校历史类专业组205有马克思主义理论专业；我校新生（除艺术类、高水平运动队、运动训练、单独院校代码招生中外合作、中外联合培养专业等特殊类外）入学后第二学期，也可按自己的兴趣爱好“零门槛”申请专业转出，经考核同意后在第三学期转入新专业学习。具体参考我校教务处往年的转专...[详细]
86,0,我是黑龙江考生，理工类预估分数线多少,您好，由于今年报考情况未知，暂时无法估计今年录取分数线。请考生参考我校往年录取情况https://zsb.scnu.edu.cn/zhiyuancankao
87,0,广东理科544，报考定向录取的概率大概多少,您好，如有意报考我校，可根据自己的高考成绩和兴趣爱好，结合我校近三年的最低投档排位填报志愿。具体请参考https://zsb.scnu.edu.cn/zhiyuancankao/
88,0,请问贵校的师范类提前批是在第一批提前批志愿填报还是第二批本科志愿填报,您好，我校教师专项计划在提前批录取，普通类师范在本科批次录取。
89,0,"如题,可能性大吗?不想被调剂到不喜欢的专业,谢谢解答。",您好，如有意报考我校，可根据自己的高考成绩和兴趣爱好，结合我校近三年的最低投档排位填报志愿。具体请参考https://zsb.scnu.edu.cn/zhiyuancankao/我校新生（除艺术类、高水平运动队、运动训练、单独院校代码招生中外合作、中外联合培养专业等特殊类外）入学后第二学期，也可按自己的兴趣...[详细]
90,0,请问贵校的地方专项可直接填报吗？或者有什么填报要求，怎么填报？望指点，谢谢！！,您好，重点高校招收贫困地区农村学生专项计划，即2021年地方专项计划，仅限拟获资格考生报考。具体实施区域、报考条件由各省（区、市）根据本地实际情况确定，2021年的户籍、学籍资格审核工作已结束，符合条件的考生已知情。
91,0,你好，我是广东考生，选的是物理化学生物，今年高考成绩是516，排位是111712，有没有希望报考贵校的中外合资,您好，如有意报考我校，可根据自己的高考成绩和兴趣爱好，结合我校近三年的最低投档排位填报志愿。具体请参考https://zsb.scnu.edu.cn/zhiyuancankao/
92,0,请问广东教师专项计划历史类一定要到472分才能报吗，有相关的教师专项计划的资料吗，我不太了解,您好，填报2021年教师专项普通类（历史）总分需达到528分。如有意报考我校，可根据自己的高考成绩和兴趣爱好，结合我校近三年的最低投档排位填报志愿。具体请参考https://zsb.scnu.edu.cn/zhiyuancankao/
93,0,华南师范大学历史学专业近几年分数线（最好加上排位）是多少？,您好，如有意报考我校，可根据自己的高考成绩和兴趣爱好，结合我校近三年的最低投档排位填报志愿。具体请参考https://zsb.scnu.edu.cn/zhiyuancankao/
94,0,怎样填报专科的专业，在哪里查询？,您好，关于专升本的事项请咨询：020-85211273
95,0,请问教师专项的专业组是否以招生区域为一个专业组，如果是的话，各个专业组代码分别是多少？（官网只看到专业组名称，没有专业组代码）如果选择服从调剂，是专业组内调剂呢，还是教师专项内所有区域进行调剂？谢谢~,您好，各专业组代码请参考https://zsb.scnu.edu.cn/a/20210625/475.html。服从调剂是指服从所在院校专业组的调剂，不同院校专业组之间的专业不会互相调剂。
96,0,填报教师专项时，是否只需在满足文件要求前提下，在填志愿时在提前批中进行填写？,您好，是的。
97,0,今年中外合作办法的专业吗？参考录取分和排位多少？,您好，若有意报考我校，具体招生计划可参考https://zsb.scnu.edu.cn/zhaoshengjihua/，录取情况请查看https://zsb.scnu.edu.cn/zhiyuancankao/
98,0,如何填报教师专项，除去满足文件需求外还有什么要求吗？还需要做什么工作？,您好，我们广东省所有批次在此时段报考：第二时段：6月28日19:00-7月3日16:00。除第一时段填报的院校专业组志愿外的其他所有各批次、各科类（普通类、艺体类等）院校专业组志愿，均需在本时段填报并进行网上确认志愿信息。
99,0,请问，提前批本科-教师专项录取分多少？往年录取排位在哪在看？,您好，如有意报考我校，可根据自己的高考成绩和兴趣爱好，结合我校近三年的最低投档排位填报志愿。具体请参考https://zsb.scnu.edu.cn/zhiyuancankao/
100,0,21届考生选了a专业组，如果a专业组的专业分数都高于考生分数，那考生会被退档还是调剂到其他专业组,您好，我校今年录取原则为“分数优先，遵循志愿”，不设置专业级差。服从调剂是指服从所在院校专业组的调剂，不同院校专业组之间的专业不会互相调剂。当考生填报的六个专业志愿都未被录取时，我校不再跟学生联系，直接把服从调剂的考生调剂到招生计划仍有缺额的专业。
101,0,江苏文科排名4999，可以录取贵校吗,您好，如有意报考我校，可根据自己的高考成绩和兴趣爱好，结合我校近三年的最低投档排位填报志愿。具体请参考https://zsb.scnu.edu.cn/zhiyuancankao/
102,0,美术学（师范）是提前批吗？别的艺术专业可以转入美术学（师范）吗？,您好，美术学（师范）是本科批次，其他艺术专业可以转入美术学（师范）。
103,0,被大学城校区录取后，转专业能转到石牌校区吗？,您好，我校新生（除艺术类、高水平运动队、运动训练、单独院校代码招生中外合作、中外联合培养专业等特殊类外）入学后第二学期，也可按自己的兴趣爱好“零门槛”申请专业转出，经考核同意后在第三学期转入新专业学习。具体参考我校教务处往年的转专业工作方案：http://module.scnu.edu.cn/in...[详细]
104,0,提前批的最低排位一般多少，一般定向服务几年，服务的地方吃住包吗。不服从调剂不影响本科批录取吧,您好，我校提前批为教师专项计划，具体排位可参考往年的录取情况：https://zsb.scnu.edu.cn/zhiyuancankao；毕业后到指定的地区服务6年，具体请查看《广东省教育厅关于做好2021年公费定向培养粤东粤西粤北地区中小去教师有关工作的通知》一文http://jyj.gz.gov.cn/yw/tzgg/content/post_5819...[详细]
105,0,定向师范生可在六年就职期间考研吗？,您好，公费定向生毕业后须到指定的地区服务6年。在服务期间，可以通过自学考试或函授，在职攻读研究生等形式提升学历。具体请查看《广东省教育厅关于做好2021年公费定向培养粤东粤西粤北地区中小去教师有关工作的通知》一文http://jyj.gz.gov.cn/yw/tzgg/content/post_5819369.html
106,0,1、请问非广东户籍的广东考生能否填报贵校教师专项计划？2、贵校教师专项计划的小学教育是否分方向培养？若分语数英方向，历史生能否选择数学方向？3、汕尾校区宿舍条件如何？4、广东省排1万4有无机会冲击汕尾校区的教师专项计划？谢谢！,您好，我校教师专项计划面向全广东省考生招生；小学教育相关专业问题请咨询教育科学学院：020-85217720；住宿视不同住宿条件，收费标准为800-1600元/生每学年（不含水电费），具体可咨询汕尾校区电话：0660-3390065。如有意报考我校，可根据自己的高考成绩和兴趣爱好，结合我校近三年的最低投...[详细]
107,0,请问定向教师读完4年后如果有意向考研，应该怎么安排呢，是先到定向地教6年吗,您好，教师专项计划考生毕业后须到指定的地区服务6年。具体请查看《广东省教育厅关于做好2021年公费定向培养粤东粤西粤北地区中小去教师有关工作的通知》一文http://jyj.gz.gov.cn/yw/tzgg/content/post_5819369.html
108,0,广东理科生，85947名，可以报读贵校吗？什么专业组机率大？,您好，如有意报考我校，可根据自己的高考成绩和兴趣爱好，结合我校近三年的最低投档排位填报志愿。具体请参考https://zsb.scnu.edu.cn/zhiyuancankao/
109,0,同上,您好，若有意报考我校，具体招生计划可参考https://zsb.scnu.edu.cn/zhaoshengjihua/
110,0,请问你校有没有专升本的专业？都有哪些专业？,您好，专升本相关事项请咨询：020-85211273
111,0,您好，我想确认一下，不考虑汕尾校区等特殊情况，一般来说，华师转专业是自由的，不局限于仅在院校专业组内转专业，而是学校内各个专业之间、都可以互转专业，请问这样理解对吗？,您好，我校新生（除艺术类、高水平运动队、运动训练、单独院校代码招生中外合作、中外联合培养专业等特殊类外）入学后第二学期，也可按自己的兴趣爱好“零门槛”申请专业转出，经考核同意后在第三学期转入新专业学习。具体参考我校教务处往年的转专业工作方案：http://module.scnu.edu.cn/in...[详细]
112,0,你好，请问华师一年后学生可根据兴趣转专业时需要考试吗?哪些专业不能转？谢谢,入学后的第二学期，学生可根据自己的兴趣爱好，在师范与非师范各专业申请互转，这样填报志愿可增加录取的机会。（汕尾校区单独编设院校代码招生专业录取的学生，入学后如申请转专业只限在单独编设院校代码的招生专业间进行，中外合作办学、中外联合培养专业单独安排院校专业组，入学后如申请...[详细]
113,0,您好，请问教师专项计划是在提前批报名是吗？除了分数到达528之外还有其他要求吗吗？定向地区是贵校安排还是我们可以自己选？,您好，教师专项在提前批报名，我们广东省所有批次在此时段报考：第二时段：6月28日19:00-7月3日16:00。除第一时段填报的院校专业组志愿外的其他所有各批次、各科类（普通类、艺体类等）院校专业组志愿，均需在本时段填报并进行网上确认志愿信息。如有意报考我校教师专项，可根据自己的高考成...[详细]
114,0,请问定向师范生是所有地区都可以报吗？广东省物理类排名42000左右有机会报得上定向师范生吗？,您好，教师专线在提前批报考，报考专业组请参考https://statics.scnu.edu.cn/pics/zsb/2021/0625/1624615581230650.pdf，往年录取分数请参考https://zsb.scnu.edu.cn/zhiyuancankao/
115,0,老师，您好。请问：1、中外合作办学的专业对高考英语分数有要求吗？2、毕业证有没有“中外合作”字样？3、中外合作办学的专业是否全英语上课？会不会有一个过渡时间和配备一位老师给予重点难点的中文讲解？4、研究生能在国内读吗？谢谢。,您好，请参考我校专业简介https://zsb.scnu.edu.cn/zyjj/。研究生可按考生兴趣爱好，报考国内相关专业。
116,0,请问，广东学籍历史类569分，排名10747.可以报考贵校的师范类专业吗,您好，如有意报考我校，可根据自己的高考成绩和兴趣爱好，结合我校近三年的最低投档排位填报志愿。具体请参考https://zsb.scnu.edu.cn/zhiyuancankao/
117,0,2021年高考湖北考生2300位能达到投档线吗,您好，如有意报考我校，可根据自己的高考成绩和兴趣爱好，结合我校近三年的最低投档排位填报志愿。具体请参考https://zsb.scnu.edu.cn/zhiyuancankao/
118,0,您好，入学后能从心理学（师范）转到应甪心理学吗？能转专业几次？有什么条件？,您好，我校新生（除艺术类、高水平运动队、运动训练、单独院校代码招生中外合作、中外联合培养专业等特殊类外）入学后第二学期，也可按自己的兴趣爱好“零门槛”申请专业转出，经考核同意后在第三学期转入新专业学习。
119,0,您好，广西考生，理科总分604，能报读贵校心理学（师范）专业吗？入学后能否转专业，提档后服从调剂还会退档吗？,您好，如有意报考我校，可根据自己的高考成绩和兴趣爱好，结合我校近三年的最低投档排位填报志愿。具体请参考https://zsb.scnu.edu.cn/zhiyuancankao/。我校新生（除艺术类、高水平运动队、运动训练、单独院校代码招生中外合作、中外联合培养专业等特殊类外）入学后第二学期，也可按自己的兴...[详细]
120,0,电子商务有不是中外合资的吗，看书上说有电子商务南海校区但是不知道是不是中外合作的,您好，我校本科批次专业组204及专业组221的电子商务专业的办学地点在南海校区，专业组210及专业组220的电子商务专业为中外联合培养。
121,0,可以专升本吗？,请咨询专升本，电话：02085211273
122,0,广西考生，理科总分604分，位次3638位次，能报读贵校的心理学专业吗,您好，如有意报考我校，可根据自己的高考成绩和兴趣爱好，结合我校近三年的最低投档排位填报志愿。具体请参考https://zsb.scnu.edu.cn/zhiyuancankao/
123,0,云南文科629分可填报吗,您好，如有意报考我校，可根据自己的高考成绩和兴趣爱好，结合我校近三年的最低投档排位填报志愿。具体请参考https://zsb.scnu.edu.cn/zhiyuancankao/
124,0,云南文科629分可填报吗,您好，如有意报考我校，可根据自己的高考成绩和兴趣爱好，结合我校近三年的最低投档排位填报志愿。具体请参考https://zsb.scnu.edu.cn/zhiyuancankao/
125,0,请问既往病史青斑样血管炎，症状脚部皮肤损伤，对入读贵校有影响吗？,您好，我校录取考生的体检标准按照教育部、卫生部、中国残疾人联合会颁布的《普通高等学校招生体检工作指导意见》（教学[2003]3号）和《教育部办公厅卫生部办公厅关于普通高等学校招生学生入学身体检查取消乙肝项目检测有关问题的通知》（教育厅[2010]2号）的有关规定执行。请考生参考。
126,0,请问华南师范的提档比例是多少？服从了调剂，身体分数条件等条件都符合了，被高校提档后会不会因为该专业组的所有专业都已经收够了人而被退档？,在实行平行志愿模式投档的省份和批次，考生如果身体条件符合录取要求，专业服从调剂的情况下，我校提档后不退档。
127,0,请问汕尾理工大学今年首次招生如何填报志愿?,华南师范大学汕尾校区今年在广东省内招生，代码为80002
128,0,请问华南师范大学对报考定向师范生的具体要求可以在哪里查看呢,您好，具体请查看《广东省教育厅关于做好2021年公费定向培养粤东粤西粤北地区中小学教师有关工作的通知》一文http://jyj.gz.gov.cn/yw/tzgg/content/post_5819369.html
129,0,新高考若考上非师范类专业以后想转专业会不会受高中选科的影响,入学后的第二学期，学生可根据自己的兴趣爱好，在师范与非师范各专业申请互转，这样填报志愿可增加录取的机会。（汕尾校区单独编设院校代码招生专业录取的学生，入学后如申请转专业只限在单独编设院校代码的招生专业间进行，中外合作办学、中外联合培养专业单独安排院校专业组，入学后如申请...[详细]
130,0,请问贵校的中外合作专业和中外联合培养专业，毕业证有“中外合作”或加注“中外培养”字眼吗？,中外合作和中外联合办学请咨询我校国际联合学院0757-86688341，86688343
131,0,概况：预估高考省8000，想在本科读心华师心理基地班，然后，研究生进入北京脑中心，从事神经科学研究。暑假就像想开始准备，增大分到心理学基地班的可能性。问题：如上所述，能告知一下，心理学基地班往年笔试面试具体内容吗？另外若成功录取，基地班什么时候分班？感谢老师耐心回答，您辛苦...[详细],你好，请咨询心理学院https://module.scnu.edu.cn/index.php?m=content&c=index&a=show&catid=2063&id=107
132,0,2021湖北地区历史有师范类吗？,招生计划请参考https://zsb.scnu.edu.cn/a/20190614/388.html
133,0,请问如果报师范专业的话服从调剂会调剂到非师范专业吗?,在同科类同批次同专业组有招生计划的专业里面调剂
134,0,请问在河南有投放多少专业，有多少大类专业类型,招生计划请参考https://zsb.scnu.edu.cn/a/20190614/388.html
135,0,"江西考生，文597,省排名1304,可以稳一稳吗？进档服从调剂，会存在滑挡可能吗？学校和专科代码在哪里找？", 1、由于今年报考情况未知，暂时无法估计今年录取分数线。请考生参考我校往年录取情况https://zsb.scnu.edu.cn/zhiyuancankao/2、根据各省（自治区、直辖市）投档规则出档后，考生所填的专业志愿都未被录取时，如服从专业调剂，按考生投档总分从高到低作调剂录取到招生计划有空额且符合计划相...[详细]
136,0,请问华南师范大学博士点硕士点分别有哪些？,华南师范大学是教育部授权具有推荐优秀应届本科毕业生免试攻读硕士学位研究生（推免生）资格的高校。华南师范大学2020年硕士研究生招生目录参见https://yz.scnu.edu.cn/2020ssml/005040104.htm 其他事宜可致电我校研招办：020-85213863
137,0,提前批接受调剂之后，调剂的专业还是提前批里的吗，调剂专业是按什么调的呢，一般会调到哪些专业,服从专业调剂，按考生投档总分从高到低作调剂录取到招生计划有空额且符合计划相关专业要招生要求的专业录取。调剂的专业还是提前批里的。调剂原则是同批次同代码同科类的情况下。
138,0,提前批没录上影响后续本科批录取吗,不影响。
139,0,如声乐表演与器乐表演的选择是学生决定的吗,具体请咨询音乐学院：020-39310035
140,0,请问有没有华南在河北的招生QQ群？,没有官方QQ群。
141,0,地方专项如果被投档，在服从调剂情况下是否有退档可能（身体状况良好，无色盲色弱）,我校广东省本科批次中录取，考生服从专业调剂不退档（除考生身体体检不符合录取条件外）。
142,0,请问贵校招艺术生(音乐)投挡比例是1:1吗,接近1：1，在我校广东省本科批次中录取，一般原则上考生服从专业调剂不退档（除考生身体体检不符合录取条件外）。
143,0,贵州文科考生1963名进贵校的概率大吗,由于今年报考情况未知，暂时无法估计今年录取分数线。请考生参考我校往年录取情况https://zsb.scnu.edu.cn/zhiyuancankao/
144,0,是否可以修双学位,辅修和双学位政策以当年教务处通知为准，可参考http://jw.scnu.edu.cn/xuejiyuxuewei/fuxiuxueshixuewei/
145,0,您好专业换转可由非师范类转师范类吗？谢谢,我校新生（除艺术类、高水平运动队、运动训练、单独院校代码招生中外合作、中外联合培养专业等特殊类外）入学后第二学期，也可按自己的兴趣爱好“零门槛”申请专业转出，经考核同意后在第三学期转入新专业学习。
146,0,今年应用心理学专业在浙江有招生计划吗？,没有
147,0,老师您好我是广东文科生581分排名4638请问报考本科英语专业机会大吗报考翻译呢,由于今年报考情况未知，暂时无法估计今年录取分数线。请考生参考我校往年录取情况https://zsb.scnu.edu.cn/zhiyuancankao/
148,0,我是山东省美术类考生，山东省美术统考成绩255.34分，高考文化课成绩432分，山东省美术类综合分576.45分，能被贵校录取吗？,由于今年报考情况未知，暂时无法估计今年录取分数线。在浙江、山东、海南等高考综合改革省份的选考科目要求按照（提前）公布的选考科目要求执行，按所在省考试院公布的方案及有关办法执行。必须达到各省要求的文化和术科的分数线，达到分数线以后按各省的投档原则投到院校，我校录取外省计划...[详细]
149,0,贵校对江苏文科2020投档线预估多少,由于今年报考情况未知，暂时无法估计今年录取分数线。
150,0,广东考生即报考了非军检提前批师范类又报考了教师专项，请问如果分数都够的话，我先录取哪个？,按照表格的顺序，先录取非军检提前批师范类。
151,0,您好江苏考生文科3852B想报考贵校，机会多大？录取后后续能转专业吗？谢谢,根据各省（自治区、直辖市）投档规则出档后，我校在江苏省的录取原则按先分数后等级、分数优先的原则安排录取专业，等级顺序为A+A+、A+A、AA、A+B+、A+B、AB+、AB、B+B+、B+B、BB，同分同等级考生按语文、数学科目的总分（含附加分）从高到低排序。我校新生（除艺术类、高水平运动队、运动训...[详细]
152,0,您好江苏考生文科3852B想报考贵校，机会多大？录取后后续能转专业吗？谢谢,根据各省（自治区、直辖市）投档规则出档后，我校在江苏省的录取原则按先分数后等级、分数优先的原则安排录取专业，等级顺序为A+A+、A+A、AA、A+B+、A+B、AB+、AB、B+B+、B+B、BB，同分同等级考生按语文、数学科目的总分（含附加分）从高到低排序。我校新生（除艺术类、高水平运动队、运动训...[详细]
153,0,广东理科619，省排12000，有望冲击贵校教师专项计划吗？,由于今年报考情况未知，暂时无法估计今年录取分数线。请考生参考我校往年录取情况https://zsb.scnu.edu.cn/zhiyuancankao/
154,0,请问贵校今年是不是有个协同培养的计划？通过普通高考招协同培养的学生吗？,学校不断推进本科教育国际化，与国（境）外110多所院校有交换生合作培养协议，选拔学生出国（境）进行课程学习、实习实践、短期交流等。学校构建“双库、两渠道、多选择”的本科出国学习管理机制，对国家公派留学、学校公派留学、课程交换学习、短期交流等项目予以资金奖助，鼓励本科生追求卓...[详细]
155,0,咱学校的心理学对色弱有强制限制吗？我担心被调剂到心理学。,我校录取考生的体检标准按照教育部、卫生部、中国残疾人联合会颁布的《普通高等学校招生体检工作指导意见》（教学〔2003〕3号）和《教育部办公厅卫生部办公厅关于普通高等学校招生学生入学身体检查取消乙肝项目检测有关问题的通知》（教学厅〔2010〕2号）的有关规定执行。另外对于心理学专业...[详细]
156,0,请问如果报考贵校音乐学专业服从调剂，且被提档的话，还会被退档吗？或者说什么情况才会被退档？,已被提档且服从调剂，一般原则上是不会被退档的。
157,0,您好，我是武汉美术生，请问投档线的综合分都是按省招办的统一公式进行计算的吗？贵校的录取综合分的计算方法呢？我联考221，文化493，省综合分位次800，不知道报考贵校有没有希望？,根据各省（自治区、直辖市）投档规则出档后，美术类专业分专业录取时，广东省计划以投档总分按“分数优先，遵循志愿”的原则录取；外省计划按术科统考成绩从高到低录取，术科统考成绩相同的，按高考文化成绩（排位）录取。
158,0,广东考生报考非师范的英语专业有没有特别要求，比如单科成绩分数,您好，具体问题可咨询外国语言文化学院：020-85211330
159,0,请问贵校转专业的时间、条件是什么？转专业的难度是否很大？谢谢,我校新生（除艺术类、高水平运动队、运动训练、单独院校代码招生中外合作、中外联合培养专业等特殊类外）入学后第二学期，也可按自己的兴趣爱好“零门槛”申请专业转出，经考核同意后在第三学期转入新专业学习。转专业的具体问题您可以登陆我校的教务处官网查询往年转专业的通知进行参考。
160,0,广东文科排名5900，报考贵校，如果专业第一志愿报汉语言文学，有希望录取吗？,由于今年报考情况未知，暂时无法估计今年录取分数线。如有意报考我校，可根据自己的高考成绩和兴趣爱好，结合我校近三年的最低投档排位填报志愿。我校师范类专业在广东省提前批录取，非师范类专业在本科批录取，提前批和本科批投档分数线可能不一样，填报志愿时，可在提前批填报志愿的同时本...[详细]
161,0,湖南文科617分，排名1879，提考你校有希望吗。,由于今年报考情况未知，暂时无法估计今年录取分数线。请考生参考我校往年录取情况https://zsb.scnu.edu.cn/zhiyuancankao/
162,0,贵州理科579位次9047有希望录取到贵校吗,由于今年报考情况未知，暂时无法估计今年录取分数线。请考生参考我校往年录取情况https://zsb.scnu.edu.cn/zhiyuancankao/
163,0,河南省理科考生641分，超出河南省一批分数线97分，省内排名13884名能录取吗？,由于今年报考情况未知，暂时无法估计今年录取分数线。请考生参考我校往年录取情况https://zsb.scnu.edu.cn/zhiyuancankao/
164,0,贵校调档比例为微调（有可能超过100%），理论上讲超过100%的投档生按贵司规则将被退档，请问贵校有政策性退档风险吗？（因招满退档风险）,根据往年的经验，在广东省内的平行志愿投档没有因招满而被退档这种情况出现。
165,0,色软能报软件工程吗？,我校录取考生的体检标准按照教育部、卫生部、中国残疾人联合会颁布的《普通高等学校招生体检工作指导意见》（教学〔2003〕3号）和《教育部办公厅卫生部办公厅关于普通高等学校招生学生入学身体检查取消乙肝项目检测有关问题的通知》（教学厅〔2010〕2号）的有关规定执行。关于您的这个具体体...[详细]
166,0,专业和文化需要双过控制线才能报考吗,按所在省考试院公布的方案及有关办法执行，必须达到各省要求的文化和术科的分数线，达到分数线以后按各省的投档原则投到院校，我校录取外省计划按术科统考成绩从高到低录取，术科统考成绩相同的，按高考文化成绩（排位）录取。
167,0,地方专项服从调剂是在本校所有专业内调剂，还是在专项的那几个之间调剂？,调剂只在同批次同代码同科类的专业内进行，地方专项服从调剂只在30574代码的那几个专业进行调剂。
168,0,尊敬的贵校招生办老师：您好！请问广东考生，理科609，省排名15806，录取贵校的计算机类，人工智能这2个专业的概率多大？谢谢！,由于今年报考情况未知，暂时无法估计今年录取分数线。请您参考我校往年录取情况https://zsb.scnu.edu.cn/zhiyuancankao/
169,0,高出近三年录取位次大约1500位，能够确保录取吗,由于今年报考情况未知，暂时无法估计今年录取分数线。请考生参考我校往年录取情况https://zsb.scnu.edu.cn/zhiyuancankao/
170,0,请问贵校的专业调剂是将学生调剂到在本年度招生的专业，还是学校里的其他专业呢,专业调剂是指本年度在您省份招生的同批次同代码同科类专业内进行。
171,0,请问广东文科报贵校师范类是不是要填写到提前批次，会按分数高低提前批录取吗？,我校在广东省的批次，普通类师范专业在提前批录取，在提前批非军检院校栏填报志愿。根据各省（自治区、直辖市）投档规则出档后，文科、理科类专业分专业录取时，先按“专业志愿优先”，后按“分数优先，遵循志愿”的原则录取，即先按考生所填报的第一专业志愿从高分到低分录取（相同分数的按...[详细]
172,0,服从专业调剂是限于在重庆招生计划上的专业内调剂还是全校专业呢,仅限于重庆招生计划上的专业内进行调剂。
173,0,提前批师范生是公费师范生吗？,不一定，普通的提前批师范生是自费的，而定向培养粤东西北中小学教师专项计划的师范生才是公费的。
174,0,招生章程第二十二条：服从调剂但是不符合计划有空额专业相关要求的，作退档处理。不明白，请问能否详细说明.谢谢！,例如不符合有空额专业的身体检查等相关要求，我校录取考生的体检标准按照教育部、卫生部、中国残疾人联合会颁布的《普通高等学校招生体检工作指导意见》（教学〔2003〕3号）和《教育部办公厅卫生部办公厅关于普通高等学校招生学生入学身体检查取消乙肝项目检测有关问题的通知》（教学厅〔201...[详细]
175,0,面对汕尾地区的教师专项计划该怎么填报，有专业代码吗？,我校今年新增公费定向培养粤东西北中小学教师专项计划60名，招生专业代码20574，免费入学，毕业后到指定的地区服务6年。具体内容您可以查看：华南师范大学招收高中起点公费定向培养粤东粤西粤北地区中小学教师专项计划招生办法https://zsb.scnu.edu.cn/a/20200519/417.html。
176,0,2020广东省有设置专业级差吗？,依据2020年华南师范大学招生章程第五章https://zsb.scnu.edu.cn/a/20200708/427.html，根据各省（自治区、直辖市）投档规则出档后，文科、理科类专业分专业录取时，先按考生所填报的第一专业志愿从高分到低分录取（相同分数的按排位先后录取）。未被第一专业志愿录取的考生，按“分数优先，遵...[详细]
177,0,您好，我是湖南音乐类艺术考生，联考272分，文化463分报考贵校能录取吗？,我校录取原则：根据各省（自治区、直辖市）投档规则出档后，音乐类、舞蹈类专业分专业录取时，广东省计划以投档总分按“分数优先，遵循志愿”的原则录取；其它外省计划按术科统考成绩从高到低录取，术科统考成绩相同的，按高考文化成绩（排位）录取。
178,0,在志愿填报指南书上，贵校提前批录取数大于上线数，请问没上线的那部分人是如何被录取的？,在《广东省2020年普通高等学校志愿填报指南》的第五章2019年部分在粤招生高校录取情况统计表上，提前批上线数为第一志愿的上线人数，没有在第一志愿就上线的可以后面遵循第2-6志愿或服从调剂，然后被我校录取。
179,0,教师专项计划毕业后是不是只能教小学,我校今年新增公费定向培养粤东西北中小学教师专项计划60名，免费入学，毕业后到指定的地区服务6年。具体内容可查看华南师范大学招收高中起点公费定向培养粤东粤西粤北地区中小学教师专项计划招生办法：https://zsb.scnu.edu.cn/a/20200519/417.html
180,0,广东考生报考地方专项计划中的专业的报考条件是什么,重点高校招收贫困地区农村学生专项计划，即2020年地方专项计划，仅限拟获资格考生报考。具体实施区域、报考条件由各省（区、市）根据本地实际情况确定，2020年的户籍、学籍资格审核工作已结束，符合条件的考生已知情。
181,0,请问有投档参考分数线吗？是以什么样的方式录取的？,由于今年报考情况未知，暂时无法估计今年录取分数线。录取原则：根据各省（自治区、直辖市）投档规则出档后，音乐类、舞蹈类专业分专业录取时，广东省计划以投档总分按“分数优先，遵循志愿”的原则录取；其它外省计划按术科统考成绩从高到低录取，术科统考成绩相同的，按高考文化成绩（排位...[详细]
182,0,请问贵校今年有设预科班吗,广东省没有。
183,0,老师您好，我是今年湖北武汉考生，理科601分，想咨询填报贵校志愿能否被录取？谢谢！,由于今年报考情况未知，暂时无法估计今年录取分数线。请考生参考我校往年录取情况https://zsb.scnu.edu.cn/zhiyuancankao/
184,0,你好！请问广东文科生406分，排位12万加，能上你们学校吗？想上教育学，汉玉文学类的，有希望吗？专科完你们学样可以专查本吗？,我校只进行本科批次的招生。由于今年报考情况未知，暂时无法估计今年录取分数线。请考生参考我校往年录取情况https://zsb.scnu.edu.cn/zhiyuancankao/我校有进行专插本的招生，专插本招生方案具体参考:https://zsb.scnu.edu.cn/zhaoshenggonggao/benkechabansh/
185,0,理科445，排名162368有机会被华南师范大学的中外合作办企业录取吗，概率？还有学费大概是多少？,由于今年报考情况未知，暂时无法估计今年录取分数线。请考生参考我校往年录取情况https://zsb.scnu.edu.cn/zhiyuancankao/收费标准参见2020年华南师范大学招生章程第八章https://zsb.scnu.edu.cn/a/20200708/427.html
186,0,请问广东理科考生581分，排名3万多，报考贵校的几率大不大，如果提前批报名并选择服从调剂，会不会因分数不够而被退档？谢谢！,由于今年报考情况未知，暂时无法估计今年录取分数线。请考生参考我校往年录取情况https://zsb.scnu.edu.cn/zhiyuancankao/根据各省（自治区、直辖市）投档规则出档后，考生所填的专业志愿都未被录取时，如服从专业调剂，按考生投档总分从高到低作调剂录取到招生计划有空额且符合计划相关专业...[详细]
187,0,本人为广东省文科生，成绩551排位13462。请问能否报上贵校？,由于今年报考情况未知，暂时无法估计今年录取分数线。请考生参考我校往年录取情况https://zsb.scnu.edu.cn/zhiyuancankao/
188,0,老师好，江苏文科考生有希望报考贵校专科专业吗？,我校只进行本科批次的招生。
189,0,你好，请问广东文科534分排名两万多可以填报贵校提前批教师地方专项吗,由于今年报考情况未知，暂时无法估计今年录取分数线。请考生参考我校往年录取情况https://zsb.scnu.edu.cn/zhiyuancankao/教师专项与地方专项不同，建议您了解清楚再进行填报。今年我校的教师专项计划为提前批填报，仅广东理科考生可报考，设院校代码20574；地方专项计划填报为本科批填报，设...[详细]
190,0,贵校在广西招人不是设计类专业都招吗为什么志愿那里只有环境设计,我校今年在广西省的美术类招生计划仅有美术学（师范）专业和环境设计专业，请以我校2020年发布的招生计划为准。2020年招生计划参见https://zsb.scnu.edu.cn/a/20190614/388.html
191,0,海南考生420被贵校录取的希望大嘛,录取原则：在浙江、山东、海南等高考综合改革省份的选考科目要求按照（提前）公布的选考科目要求执行，按所在省考试院公布的方案及有关办法执行。由于今年报考情况未知，暂时无法估计今年录取分数线。
192,0,2020年安徽，总分627，考生位次10285有机会被贵校录取吗？谢谢。,由于今年报考情况未知，暂时无法估计今年录取分数线。请考生参考我校往年录取情况https://zsb.scnu.edu.cn/zhiyuancankao/
193,0,请问贵校提前批招收的学生进校后需要签订协议之类的吗？提前批和普通批仅是专业的不同吗？提前批是否还有其他限制或者条件,提前批招收的普通类师范专业不需要签订协议，而公费定向培养粤东西北中小学教师专项计划60名，则需要签订协议。我校在各省、自治区、直辖市的录取批次均安排在第一批本科（合并批次的省份安排在本科批）。在广东省的批次如下：我校普通类师范专业在提前批录取，在提前批非军检院校栏填报志愿...[详细]
194,0,请问，今年在广东省排名27081，还能被录取吗？（如果服从调剂）, 由于今年报考情况未知，暂时无法估计今年录取分数线。请考生参考我校往年录取情况https://zsb.scnu.edu.cn/zhiyuancankao/
195,0,请问，在广东省排名27081服从调剂的话能进吗, 由于今年报考情况未知，暂时无法估计今年录取分数线。请考生参考我校往年录取情况https://zsb.scnu.edu.cn/zhiyuancankao/
196,0,排位两万七，有没有机会调剂进华师，或者进入冷门专业, 由于今年报考情况未知，暂时无法估计今年录取分数线。请考生参考我校往年录取情况https://zsb.scnu.edu.cn/zhiyuancankao/
197,0,您好，陕西文科599，排名2045，同分段靠后，请问报考贵校的非师范专业可以么，官网上没有详细数据，只有一个610-590的分段，谢谢回答,由于今年报考情况未知，暂时无法估计今年录取分数线。请考生参考我校往年录取情况https://zsb.scnu.edu.cn/zhiyuancankao/，配合陕西省历年的一分一段表进行排位对照。
198,0,今年在湖南美术招生录取规则,根据各省（自治区、直辖市）投档规则出档后，美术类专业分专业录取时，广东省计划以投档总分按“分数优先，遵循志愿”的原则录取；外省计划按术科统考成绩从高到低录取，术科统考成绩相同的，按高考文化成绩（排位）录取。
199,0,老师，请问湖南省音乐考试专业分263文化373能否报考本校？有多大希望？,由于今年报考情况未知，暂时无法估计今年录取分数线。根据各省（自治区、直辖市）投档规则出档后，音乐类、舞蹈类专业分专业录取时，广东省计划以投档总分按“分数优先，遵循志愿”的原则录取；其它外省计划按术科统考成绩从高到低录取，术科统考成绩相同的，按高考文化成绩（排位）录取。
200,0,请问去年有多少广东省考生填报了你校的舞蹈专业作为志愿呢？其中有多少人被成功录取了呢？,请考生参考我校往年的录取情况https://zsb.scnu.edu.cn/zhiyuancankao/
201,0,您好！贵校有二本的专业吗?如何区别一本和二本呢？,没有
202,0,请问为什么你校的舞蹈类专业的投档线是497，而平均分却是446呢？既然设置了投档线，为什么平均分会低于投档线呢？（数据来源于《广东省2020年普通高等学校志愿填报指南》）请问你校广东省2018年和2017年舞蹈专业最低录取排位是多少呢？,从我校的官方数据来说，2019年音乐学院舞蹈学（师范）专业最低录取投档总分是497分，《广东省2020年普通高等学校志愿填报指南》的数据由广东省教育考试院进行解释，这本书的具体内容建议您咨询广东省教育考试院。
203,0,请问你校广东省2018年和2017年舞蹈专业最低录取排位是多少呢？,请考生参考我校往年录取情况https://zsb.scnu.edu.cn/zhiyuancankao/
204,0,请问报考你校舞蹈专业是否有硬性筛选条件？比如规定英语必须过多少分？或者规定视力必须不低于某个数字？,我校录取考生的体检标准按照教育部、卫生部、中国残疾人联合会颁布的《普通高等学校招生体检工作指导意见》（教学〔2003〕3号）和《教育部办公厅卫生部办公厅关于普通高等学校招生学生入学身体检查取消乙肝项目检测有关问题的通知》（教学厅〔2010〕2号）的有关规定执行。另外对于舞蹈专业招...[详细]
205,0,"我广东理科考生，排名3.2w+,不知地方专项进入贵校希望大不大？若由地方专项进入，转专业是有没有限制？是不是达到贵校地方专项最低排位，服从调剂，一般就不会被退档?",由于今年报考情况未知，暂时无法估计今年录取分数线。请考生参考我校往年录取情况https://zsb.scnu.edu.cn/zhiyuancankao/我校新生（除艺术类、高水平运动队、运动训练、单独院校代码招生中外合作、中外联合培养专业等特殊类外）入学后第二学期，也可按自己的兴趣爱好“零门槛”申请专业转出...[详细]
206,0,想了解一下双学位政策。第二专业的选择是否有特殊要求?,辅修和双学位政策以当年教务处通知为准，可参考http://jw.scnu.edu.cn/xuejiyuxuewei/fuxiuxueshixuewei/
207,0,华南师范大学有专本连读吗？外省可报吗？要多少分？,我校没有专本连读的招生。
208,0,我是河北理工633分，想报贵校，报物理学，数学与应用数学，计算机，网络工程，心理学，能被贵校录取嘛？,由于今年报考情况未知，暂时无法估计今年录取分数线。请考生参考我校往年录取情况https://zsb.scnu.edu.cn/zhiyuancankao/
209,0,提前批次的师范全部都是免费师范生吗,我校在广东省内的提前批次分为两种，普通类师范专业在提前批录取，在提前批非军检院校栏填报志愿，为自费，设院校代码10574。另公费定向培养粤东西北中小学教师专项计划60名，招收广东省理科生，也是在提前批录取，免费入学，设院校代码20574。
210,0,今天华师教师专项是只招理科生60吗，文科526排位25454有无几率,今年教师专项只招收广东省内理科生。
211,0,如未被贵校录取，还可以参加第二时段本科批志愿填报吗？,如有意报考我校，可根据自己的高考成绩和兴趣爱好，结合我校近三年的最低投档排位填报志愿。我校师范类专业在广东省提前批录取，非师范类专业在本科批录取，提前批和本科批投档分数线可能不一样，填报志愿时，可在提前批填报志愿的同时本科批也填报志愿，如提前批未被录取，本科批还有机会。...[详细]
212,0,音乐专业成绩260文化成绩350，有希望录取吗,由于今年报考情况未知，暂时无法估计今年录取分数线。录取原则：根据各省（自治区、直辖市）投档规则出档后，音乐类、舞蹈类专业分专业录取时，广东省计划以投档总分按“分数优先，遵循志愿”的原则录取；其它外省计划按术科统考成绩从高到低录取，术科统考成绩相同的，按高考文化成绩（排位...[详细]
213,0,收不收大提琴,录取原则：根据各省（自治区、直辖市）投档规则出档后，音乐类、舞蹈类专业分专业录取时，广东省计划以投档总分按“分数优先，遵循志愿”的原则录取；其它外省计划按术科统考成绩从高到低录取，术科统考成绩相同的，按高考文化成绩（排位）录取。原则上是招收的，但具体安排还是看学院，建议...[详细]
214,0,广东文科考生分数533排名21450报考该校的金融学中外合作专业录取概率大吗可以录取吗,由于今年报考情况未知，暂时无法估计今年录取分数线。请考生参考我校往年录取情况https://zsb.scnu.edu.cn/zhiyuancankao/
215,0,您好，我是河北文史类考生，609分，2444名，请问能上贵校的传播学专业吗,由于今年报考情况未知，暂时无法估计今年录取分数线。请考生参考我校往年录取情况https://zsb.scnu.edu.cn/zhiyuancankao/
216,0,请问石牌校区的宿舍是否有整修，或者可以直接付费选住宿楼吗，冒昧一问？,新生入学宿舍分配由学校统一安排，视不同住宿标准，每生每年800—1600元。全部宿舍配备空调，有公用付费洗衣机。
217,0,提前批若在分数线上未录取满，离分数线差分的考生有机会录取吗,广东省提前批如果专业差额未录满，省招办会组织补填志愿，请考生留意到时候省招办的投档情况和补填志愿信息。
218,0,华南师范大学承认服从调剂不退档吗？高考广东排位8000多有机会进入华师吗？,我校广东省本科批次中录取，考生服从专业调剂不退档（除考生身体体检不符合录取条件外）。由于今年报考情况未知，暂时无法估计今年录取分数线。请考生参考我校往年录取情况https://zsb.scnu.edu.cn/zhiyuancankao/
219,0,贵校今年对甘肃招收音乐学的学生么，请问按照什么录取,招生。录取原则：根据各省（自治区、直辖市）投档规则出档后，音乐类、舞蹈类专业分专业录取时，广东省计划以投档总分按“分数优先，遵循志愿”的原则录取；其它外省计划按术科统考成绩从高到低录取，术科统考成绩相同的，按高考文化成绩（排位）录取。
220,0,2020年华南师范舞蹈专业，今年在湖南招生是按平行志愿文3专7录取？还是按学校的招生简章按联考高低排名录取？,根据各省（自治区、直辖市）投档规则出档后，音乐类、舞蹈类专业分专业录取时，广东省计划以投档总分按“分数优先，遵循志愿”的原则录取；其它外省计划按术科统考成绩从高到低录取，术科统考成绩相同的，按高考文化成绩（排位）录取。
221,0,想问下教师专项的录取在哪里可以看到，另外提前批的投档线在哪里可以看到，谢谢,我校今年新增公费定向培养粤东西北中小学教师专项计划60名，免费入学，毕业后到指定的地区服务6年。华南师范大学招收高中起点公费定向培养粤东粤西粤北地区中小学教师专项计划招生办法https://zsb.scnu.edu.cn/a/20200519/417.html由于今年报考情况未知，暂时无法估计今年录取分数线。请考生...[详细]
222,0,贵校在提前批录取的师范专业入学后是否需要签订协议，该批次录取的入学后可否申请转专业。,我校在广东省的批次如下：普通类师范专业在提前批录取，在提前批非军检院校栏填报志愿，入学后不需要签订协议，可申请转专业，院校代码10574。而公费定向培养粤东西北中小学教师专项计划60名，也是在提前批录取，入学后需要签订协议，不可申请转专业，另设院校代码20574。
223,0,你好请问教师专项计划怎么填报有什么要求吗是不是考试前申请了才能填报还是填志愿的时候填报,我校今年新增公费定向培养粤东西北中小学教师专项计划60名，免费入学，毕业后到指定的地区服务6年。具体请细读华南师范大学招收高中起点公费定向培养粤东粤西粤北地区中小学教师专项计划招生办法https://zsb.scnu.edu.cn/a/20200519/417.html
224,0,贵校今年招提前批次中心理学（师范），能介绍一下吗？是不是毕业由广东省统一安排？录取分数是多少？谢谢。,我校今年招生专业介绍请查看https://zsb.scnu.edu.cn/zyjj/，具体问题可拨打网站内各专业的咨询电话。由于今年报考情况未知，暂时无法估计今年录取分数线。请考生参考我校往年录取情况https://zsb.scnu.edu.cn/zhiyuancankao/
225,0,填报师范专业有没有什么额外条约需要服从？,我校在广东省内的普通类师范专业没有额外条约需要服从，而公费定向培养粤东西北中小学教师专项计划60名，也是在提前批录取，入学后需要签订协议，另设院校代码20574。
226,0,老师好，贵校是否设有专业级差呢？谢谢。,依据2020年华南师范大学招生章程第五章https://zsb.scnu.edu.cn/a/20200708/427.html，根据各省（自治区、直辖市）投档规则出档后，文科、理科类专业分专业录取时，先按考生所填报的第一专业志愿从高分到低分录取（相同分数的按排位先后录取）。未被第一专业志愿录取的考生，按“分数优先，遵...[详细]
227,0,广东应届理科生分数442分，排位178345，有机会被贵校的教师专项计划录取吗,由于今年报考情况未知，暂时无法估计今年录取分数线。请考生参考我校往年录取情况https://zsb.scnu.edu.cn/zhiyuancankao/
228,0,有招生机会吗？,我校今年在福建省无音乐生招生计划，2020年招生计划参见https://zsb.scnu.edu.cn/a/20190614/388.html
229,0,招生比例是1：1吗,接近1：1，我校广东省本科批次中录取，一般原则上，考生服从专业调剂不退档（除考生身体体检不符合录取条件外）
230,0,1，填报华师地方专项有没有附加条件(如定向去乡镇教书)2，2020年文科考生总分561，排位9795，有没有希望通过地方专项考上华师,1、没有附加条件，但需要通过广东省内教育考试院资格审核，具体实施区域、报考条件由各省（区、市）根据本地实际情况确定。2020年的户籍、学籍资格审核工作已结束，符合条件的考生已知情。2、由于今年报考情况未知，暂时无法估计今年录取分数线。请考生参考我校往年录取情况https://zsb.scnu...[详细]
231,0,教师专项的具体情况是怎样的,我校今年新增公费定向培养粤东西北中小学教师专项计划60名，免费入学，毕业后到指定的地区服务6年。华南师范大学招收高中起点公费定向培养粤东粤西粤北地区中小学教师专项计划招生办法https://zsb.scnu.edu.cn/a/20200519/417.html
232,0,贵校的教师专项的分数线是多少,由于今年报考情况未知，暂时无法估计今年录取分数线。请考生参考我校往年录取情况https://zsb.scnu.edu.cn/zhiyuancankao/
233,0,华南师范大学的教师专项计划的招生具体有分专业吗？可以选择吗？这个专业是单独编班吗？毕业后，如果有意愿考研是不是就不行了？,我校今年新增公费定向培养粤东西北中小学教师专项计划60名，只招收广东省内理科生，免费入学，毕业后到指定的地区服务6年。具体请查看华南师范大学招收高中起点公费定向培养粤东粤西粤北地区中小学教师专项计划招生办法https://zsb.scnu.edu.cn/a/20200519/417.html
234,0,甘肃文科577，位次1586，是否有机会被录取？,由于今年报考情况未知，暂时无法估计今年录取分数线。请考生参考我校往年录取情况https://zsb.scnu.edu.cn/zhiyuancankao/
235,0,本校中外合作的金融专业对高考英语分数有最低要求吗？,原则上没有，具体请咨询国际联合学院：0757-86688341
236,0,请问理科排名22002想考汉语言文学师范有没有机会？,汉语言文学（师范）专业在广东省内只招收文科生。
237,0,贵州理科579分，位次9047，被录取的概率大吗,由于今年报考情况未知，暂时无法估计今年录取分数线。请考生参考我校往年录取情况https://zsb.scnu.edu.cn/zhiyuancankao/
238,0,高考体检档案是色弱，但医生建议按色盲专业填报，服从调剂到色弱专业体检不过会不会被退档,如果服从调剂但是不符合计划有空额专业相关要求的，作退档处理。我校录取考生的体检标准按照教育部、卫生部、中国残疾人联合会颁布的《普通高等学校招生体检工作指导意见》（教学〔2003〕3号）和《教育部办公厅卫生部办公厅关于普通高等学校招生学生入学身体检查取消乙肝项目检测有关问题的通...[详细]
239,0,贵校2019年校考改为联考录取，孩子专业254分，文化524分，不知道今年是否能录取？如果填非平行志愿浙江师范大学，按去年的录取分数孩子排在前面，今年浙江师范大学还在湖南扩招了2人，孩子自己想去广州发展，到又担心华南今年分数很高。,我校今年是第一年在湖南省采用统考招生，没有往年参考数据，只能请考生自己根据今年的湖南省招生政策衡量决策。
240,0,老师，你好！我的成绩是550分，省排名7396名，能否上数学及应用数学专业，是否有研士和博士院，考研率怎么样？,由于今年报考情况未知，暂时无法估计今年录取分数线。请考生参考我校往年录取情况https://zsb.scnu.edu.cn/zhiyuancankao/华南师范大学是教育部授权具有推荐优秀应届本科毕业生免试攻读硕士学位研究生（推免生）资格的高校。华南师范大学2020年硕士研究生招生目录参见https://yz.scnu.edu.cn...[详细]
241,0,甘肃舞蹈统考：229。文化课成绩:362.综合排名：276。有希望进贵校吗？可以帮忙分析一下吗？,由于今年报考情况未知，暂时无法估计今年录取分数线。根据各省（自治区、直辖市）投档规则出档后，音乐类、舞蹈类专业分专业录取时，广东省计划以投档总分按“分数优先，遵循志愿”的原则录取；其它外省计划按术科统考成绩从高到低录取，术科统考成绩相同的，按高考文化成绩（排位）录取。
242,0,你好，请问贵校在河南有国家专项计划吗？如果有的话，通过国家专项计划可以报哪些专业？,同学您好，我校2020年没有国家专项计划。
243,0,请问有身高限制吗？,原则上没有。
244,0,我可以直接填报师范类提前批吗,如有意报考我校，可根据自己的高考成绩和兴趣爱好，结合我校近三年的最低投档排位填报志愿。我校师范类专业在广东省提前批录取，非师范类专业在本科批录取，提前批和本科批投档分数线可能不一样，填报志愿时，可在提前批填报志愿的同时本科批也填报志愿，如提前批未被录取，本科批还有机会。...[详细]
245,0,请问如果我先报师范类专业是不是要填提前录取批次部分？上交志愿的时候是不是和本科录取批次的一起上交？如果我分数达不到院校或专业的分数线且不服从会影响本科录取吗？,1、我校师范类专业在广东省提前批录取，非师范类专业在本科批录取，提前批和本科批投档分数线可能不一样，填报志愿时，可在提前批填报志愿的同时本科批也填报志愿，如提前批未被录取，本科批还有机会。这样填报志愿可增加录取的机会。2、我校在广东填报志愿（所有专业填报时间）是第二时段为...[详细]
246,0,教育提前批大概会分配到哪里,我校在广东省的批次如下：普通类师范专业在提前批录取，在提前批非军检院校栏填报志愿，不包分配，院校代码10574。而公费定向培养粤东西北中小学教师专项计划60名，也是在提前批录取，免费入学，毕业后到指定的地区服务6年，另设院校代码20574。华南师范大学招收高中起点公费定向培养粤东粤西...[详细]
247,0,老师，请问报考教师专项是在哪个校区上课？报考教师专项跟其他师范生在学校的待遇是不是不一样？毕业证是一样的吗？,1、石牌校区教育科学学院2、我校今年新增公费定向培养粤东西北中小学教师专项计划60名，免费入学，毕业后到指定的地区服务6年。华南师范大学招收高中起点公费定向培养粤东粤西粤北地区中小学教师专项计划招生办法https://zsb.scnu.edu.cn/a/20200519/417.html3、毕业证都属于华南师范大学。
248,0,音乐学专业在河南招几个人，有乐器限制吗？萨克斯可以报吗？,我校2020年音乐学院音乐学（师范）专业在河南省招收计划3人，不分方向录取，具体以各省级招办公布的专业目录及计划为准。
249,0,地方专项计划教师类的有什么条件才能报呀？报了的话会不会容易被退档？,重点高校招收贫困地区农村学生专项计划，即2020年地方专项计划，仅限拟获资格考生报考。具体实施区域、报考条件由各省（区、市）根据本地实际情况确定，2020年的户籍、学籍资格审核工作已结束，符合条件的考生已知情。
250,0,有可以专升本的专业吗？,我校只进行本科批次的招生。2020年华南师范大学与高职院校协同育人三二分段招生信息http://zyjy.scnu.edu.cn/a/20200724/1081.html
251,0,今年海南的录取分数线,由于今年报考情况未知，暂时无法估计今年录取分数线。录取原则：在浙江、山东、海南等高考综合改革省份的选考科目要求按照（提前）公布的选考科目要求执行，按所在省考试院公布的方案及有关办法执行。
252,0,您好，请问今年高考分数576排名34012，考上贵校的几率会不会很低？,由于今年报考情况未知，暂时无法估计今年录取分数线。请考生参考我校往年录取情况https://zsb.scnu.edu.cn/zhiyuancankao/
253,0,请问贵校今年在河北省招收声乐类学生吗？,我校2020年招生计划中音乐学院在河北省没有招生。2020年招生计划参见https://zsb.scnu.edu.cn/a/20190614/388.html
254,0,贵校的教室专项只招收理科生吗,是的，广东省内理科考生。
255,0,一般女生是几人间呢？是上下铺还是上床下桌？,建议咨询宿管中心：85211153
256,0,请问贵校教师专项计划是面向全省还是只面向汕尾地区吗？,我校今年新增公费定向培养粤东西北中小学教师专项计划60名，仅广东省内理科考生可报考，免费入学，毕业后到指定的地区服务6年。华南师范大学招收高中起点公费定向培养粤东粤西粤北地区中小学教师专项计划招生办法https://zsb.scnu.edu.cn/a/20200519/417.html
257,0,该校有没有专科呀,我校只进行本科批次的招生。
258,0,如果达到录取线，也服从调剂，学生会退档吗,我校广东省本科批次中录取，考生服从专业调剂不退档（除考生身体体检不符合录取条件外）
259,0,湖南文科617分可以报考你校吗，排名1877,由于今年报考情况未知，暂时无法估计今年录取分数线。请考生参考我校往年录取情况https://zsb.scnu.edu.cn/zhiyuancankao/
260,0,2020年广东省排名1万6仟名内能报读心理学院吗?(非师范生),由于今年报考情况未知，暂时无法估计今年录取分数线。请考生参考我校往年录取情况https://zsb.scnu.edu.cn/zhiyuancankao/
261,0,甘肃文科考生578分1550名能考上吗？能上什么专业,由于今年报考情况未知，暂时无法估计今年录取分数线。请考生参考我校往年录取情况https://zsb.scnu.edu.cn/zhiyuancankao/ 
262,0,请问学校收专科的学生吗，专科要多少分才能被录取，排位要多少,我校只进行本科批次的招生。
263,0,请问贵校今年甘肃招不招音乐表演，按照怎样录取呢？我是古典吉他专专业264文化课364分，可否报考贵校？,2020年我校音乐学院音乐表演专业在甘肃省没有招生计划，音乐学（师范）专业在甘肃省招生5人。录取原则：根据各省（自治区、直辖市）投档规则出档后，音乐类、舞蹈类专业分专业录取时，广东省计划以投档总分按“分数优先，遵循志愿”的原则录取；其它外省计划按术科统考成绩从高到低录取，术科...[详细]
264,0,问题如上,依据2020年华南师范大学招生章程第五章https://zsb.scnu.edu.cn/a/20200708/427.html，根据各省（自治区、直辖市）投档规则出档后，文科、理科类专业分专业录取时，先按考生所填报的第一专业志愿从高分到低分录取（相同分数的按排位先后录取）。未被第一专业志愿录取的考生，按“分数优先，遵...[详细]
265,0,广州籍美术生联考228文科424总分512排位4116报考贵校有希望吗？贵校对单科成绩有没有限制？高考数学未达及格线。,根据各省（自治区、直辖市）投档规则出档后，美术类专业分专业录取时，广东省计划以投档总分按“分数优先，遵循志愿”的原则录取；外省计划按术科统考成绩从高到低录取，术科统考成绩相同的，按高考文化成绩（排位）录取。
266,0,请问报贵校提前批里本科教师专项有什么要求,我校今年新增公费定向培养粤东西北中小学教师专项计划60名，免费入学，毕业后到指定的地区服务6年。华南师范大学招收高中起点公费定向培养粤东粤西粤北地区中小学教师专项计划招生办法https://zsb.scnu.edu.cn/a/20200519/417.html
267,0,您好，我是今年的广东文科考生，分数是540分，排名是18120。想问贵校的地方专项计划(免费师范生)有没有历史师范，然后小学教育是不是只有教小学,1、今年我校教师专项计划只招收广东省内理科考生。我校今年新增公费定向培养粤东西北中小学教师专项计划60名，免费入学，毕业后到指定的地区服务6年。华南师范大学招收高中起点公费定向培养粤东粤西粤北地区中小学教师专项计划招生办法https://zsb.scnu.edu.cn/a/20200519/417.html2、重点高...[详细]
268,0,请问贵校学费一年大概在什么范围。本人高考576，排名34120是否有机会被录取？,由于今年报考情况未知，暂时无法估计今年录取分数线。请考生参考我校往年录取情况https://zsb.scnu.edu.cn/zhiyuancankao/收费标准参见2020年华南师范大学招生章程第八章https://zsb.scnu.edu.cn/a/20200708/427.html
269,0,教师专项计划的大概情况,今年我校教师专项计划只招收广东省内理科考生。我校今年新增公费定向培养粤东西北中小学教师专项计划60名，免费入学，毕业后到指定的地区服务6年。华南师范大学招收高中起点公费定向培养粤东粤西粤北地区中小学教师专项计划招生办法https://zsb.scnu.edu.cn/a/20200519/417.html
270,0,河北省中国舞专业省考155文化480有希望上吗,由于今年报考情况未知，暂时无法估计今年录取分数线。根据各省（自治区、直辖市）投档规则出档后，音乐类、舞蹈类专业分专业录取时，广东省计划以投档总分按“分数优先，遵循志愿”的原则录取；其它外省计划按术科统考成绩从高到低录取，术科统考成绩相同的，按高考文化成绩（排位）录取。
271,0,请问贵校今年的教师专项招生是不是不招文科生了?为什么我在文科的高考指南和专业目录那没有看到贵校的填报代码,今年我校教师专项计划只招收广东省内理科考生。
272,0,我是甘肃音乐考生。请问贵校是按照专业排名录取还是文化课与专业综合分录取？,根据各省（自治区、直辖市）投档规则出档后，音乐类、舞蹈类专业分专业录取时，广东省计划以投档总分按“分数优先，遵循志愿”的原则录取；其它外省计划按术科统考成绩从高到低录取，术科统考成绩相同的，按高考文化成绩（排位）录取。
273,0,贵校对海南招收音乐表演2个指的是声乐的吗？,以各省级招办公布的专业目录及计划为准。录取原则：在浙江、山东、海南等高考综合改革省份的选考科目要求按照（提前）公布的选考科目要求执行，按所在省考试院公布的方案及有关办法执行。必须达到各省要求的文化和术科的分数线，达到分数线以后按各省的投档原则投到院校，我校录取外省计划按...[详细]
274,0,贵校有在今年招收海南体育学生吗,我校普通体育类只在广东省招生，高水平运动队和运动训练专业在全国范围内招生。
275,0,大学城校区和本校校区有什么不同？,我校一校三区主要是办学地点不同。石牌校区：广州市天河区中山大道西55号，邮政编码：510631。大学城校区：广州市番禺区广州大学城外环西路378号，邮政编码：510006。南海校区：佛山市南海区狮山镇南海软件科技园，邮政编码：528225。
276,0,我是文科生，如果服从专业调剂，请问是否会调整到理科类招生的专业？,不会，只调剂同批次同代码同科类的专业。
277,0,请问下今年还有国际本科吗2+23+1这种到时候一两年是必须出国吗,学校不断推进本科教育国际化，与国（境）外110多所院校有交换生合作培养协议，选拔学生出国（境）进行课程学习、实习实践、短期交流等。学校构建“双库、两渠道、多选择”的本科出国学习管理机制，对国家公派留学、学校公派留学、课程交换学习、短期交流等项目予以资金奖助，鼓励本科生追求卓...[详细]
278,0,填报华师志愿时地方专项计划是填在提前批还是本科批？,本科批，院校代码30574。
279,0,贵校今年在内蒙古的招生情况是怎样的？都有什么专业？,我校2020年招生计划参见https://zsb.scnu.edu.cn/a/20190614/388.html
280,0,贵校今年对湖北省有音乐教育，声乐表演招生吗？,我校音乐与舞蹈学类今年在浙江、江西、河南、湖北、湖南、广东、海南、甘肃招生，以上省份只招部分专业，具体专业招生计划现在未定。具体专业招生情况以各省（区、市）招生考试机构最终公布的2020年招生计划来源表为准。
281,0,请问贵校美术2019专业录取分数多少？今年是提前批还是统考批？还是专业录取吗,我校美术今年没有山东的招生计划
282,0,老师你好，贵学校在湖南有招生计划吗，我是湖南省的美术考生，联考是230分，在湖南省2020年预计招生多少人?建议多少分以上考生报考？往年分数线是多少？艺术类专业的投档比例是多少？还有今年录取规则是什么？谢谢了，辛苦老师了。,我校美术学与设计学类今年在河北、福建、江西、河南、湖北、湖南、广东、广西、海南、四川招生，以上省份只招部分专业，具体专业招生计划现在未定。具体专业招生情况以各省（区、市）招生考试机构最终公布的2020年招生计划来源表为准。2020年美术与设计学类录取原则：根据各省（自治区、直辖...[详细]
283,0,请问招宁夏的音乐考生吗,我校今年宁夏没有招生计划
284,0,你好老师咱们学校招河北钢琴专业学生吗，怎么招，预录取吗？，录视频吗？在哪报名,你好，我校河北今年没有音乐类招生计划
285,0,您好，2020年在河北省投放舞蹈学招生计划吗？,你好，我校今年在河北没有音乐和舞蹈类招生计划
286,0,请问贵校美术设计学类专业在湖南的招生是文科生和理科生按综合分合在一起排序录取的，还是文科和理科分开排序录取？,你好，我校艺术类具体招生办法、分省分专业招生计划、录取办法等信息现在还未确定，具体信息我校将另行发布.
287,0,请问贵校招（声乐演唱）民族唱法学生吗？,我校艺术类具体招生办法、分省分专业招生计划、录取办法等信息现在还未确定，具体信息我校将另行发布.
288,0,请问贵校需要校考吗？2020年古筝专业在内蒙古招生人数是多少？2019年音乐表演古筝考生文化课和专业课录取分数线分别是多少？音乐学专业只招特需乐器是吗？,我校2020年在内蒙古应该没有音乐类招生计划，具体以招生章程和各省专业目录为准
289,0,请问贵校今年在内蒙古地区是否有音乐表演（钢琴）专业招生,我校今年在内蒙古应该没有艺术类招生计划，具体以各省招生目录为准
290,0,舞蹈学招生在广西是文理兼收吗？,如果广西省的舞蹈学专业计划需要分文理科，则我校只招文科具体计划投放和文理科要求以各省专业目录公布的为准
291,0,请问今年音乐专业对湖北招生吗文化要求是怎么样呢湖北招多少呢,你好，我校艺术类具体招生办法、分省分专业招生计划、录取办法等信息现在还未确定，具体信息我校将另行发布.
292,0,请问今年在河南是否有古筝招生计划?若有，几个?是否承认省统考成绩?去年招生文化课最低线多少分?谢谢,根据《教育部教学司关于做好2020年普通高校特殊类型招生工作的通知》（教学厅【2019】10号）文件精神，结合我校招生及人才培养工作的实际，我校自2020年起不再组织音乐与舞蹈学（含音乐学、音乐表演、舞蹈学三个专业）本科招生校考，直接使用考生所在省份提供的统考成绩作为考生的专业考试成...[详细]
293,0,请问贵校在湖北招民族民间舞考生吗？有招生计划吗？承认联考统考成绩吗？,你好，根据《教育部教学司关于做好2020年普通高校特殊类型招生工作的通知》（教学厅【2019】10号）文件精神，结合我校招生及人才培养工作的实际，我校自2020年起不再组织音乐与舞蹈学（含音乐学、音乐表演、舞蹈学三个专业）和美术学与设计学类（含美术学、视觉传达设计、环境设计、产品设计...[详细]
294,0,请问贵校舞蹈学专业在广东省招理科生吗？什么时候能出招生简章？,按往年情况艺术类在广东应该是文理兼招，具体以我校2020年招生章程为准我校艺术类具体招生办法、分省分专业招生计划、录取办法等信息现在还未确定，具体信息我校将另行发布.请留意我校官网
295,0,福建的，想问贵校舞蹈专业现在校考的报名是结束了吗还是用网上视频或者统考成绩？,你好，根据《教育部教学司关于做好2020年普通高校特殊类型招生工作的通知》（教学厅【2019】10号）文件精神，结合我校招生及人才培养工作的实际，我校自2020年起不再组织音乐与舞蹈学（含音乐学、音乐表演、舞蹈学三个专业）本科招生校考，直接使用考生所在省份提供的统考成绩作为考生的专业...[详细]
296,0,贵校2019年河南文科美术类录取原则和录取分数,未定，请留意我校官网
297,0,请问贵校在招生时看的是综合成绩排名，还是先排艺术再看文化？,你好，我校艺术类具体招生办法、分省分专业招生计划、录取办法等信息现在还未确定，具体信息我校将另行发布.
298,0,请问贵校对美术生文科的单科成绩有没有要求，比如语数英，谢谢,我校一般对单科成绩无要求具体以我校招生章程为准
299,0,我想问一下报名时间是在高考前报名还是在高考后填志愿时在报名？需要报名费用吗？,报名是指艺术类校考报名？我校今年不组织艺术类校考，采用省统考成绩招生。
300,0,华南师范大学2020届有新疆声乐艺考生的招生指标吗？,你好，我校具体招生办法、分省分专业招生计划、录取办法等信息尚未确定，确定后我校将另行发布。
301,0,请问贵校今年招生四川音乐表演（钢琴）的I学生吗?专业录取成绩是否使用统考成绩？投档线多少？如果在读期间学的双排键电子琴电子钢琴可以改专业钢琴.钢琴伴奏吗？,根据《教育部教学司关于做好2020年普通高校特殊类型招生工作的通知》（教学厅【2019】10号）文件精神，结合我校招生及人才培养工作的实际，我校自2020年起不再组织音乐与舞蹈学（含音乐学、音乐表演、舞蹈学三个专业）和美术学与设计学类（含美术学、视觉传达设计、环境设计、产品设计、数字...[详细]
302,0,请问贵校在海南是否有招收音乐类艺考生的计划？,你好，具体招生办法、分省分专业招生计划、录取办法等信息现在暂未确定，我校将另行发布。
303,0,华南师范大学  2020-03-2509:18请问去年在陕西录取的美术类各专业的平均分和最低分是多少？答我现在手头没有数据，这两天回办公室电脑查了回复你,2019年陕西省录取原则：在考生高考统考文化课成绩和专业课成绩均合格的基础上，按照专业课成绩从高分到低分投档录取，专业课成绩相同时按文化课成绩位次由高到低依次录取。2019年陕西美术类最低录取专业成绩260分
304,0,我是上海音乐学考生，贵校有在上海招生吗？有校考吗？不知是否错过报名时间！谢谢！,你好，根据《教育部教学司关于做好2020年普通高校特殊类型招生工作的通知》（教学厅【2019】10号）文件精神，结合我校招生及人才培养工作的实际，我校自2020年起不再组织音乐与舞蹈学（含音乐学、音乐表演、舞蹈学三个专业）和美术学与设计学类（含美术学、视觉传达设计、环境设计、产品设计...[详细]
305,0,请问2019年山东美术生需要文化课、专业课多少分报考贵校,明后天回办公室电脑查询后告诉你
306,0,请问去年在陕西录取的美术类各专业的平均分和最低分是多少？,我现在手头没有数据，这两天回办公室电脑查了回复你
307,0,老师觉得是联考录取好还是校考录取好,"我校今年使用考生所在省份提供的统考成绩作为考生的专业考试成绩。具体招生办法、分省分专业招生计划、录取办法等信息现在还未确定，具体信息我校将在另行发布,请4月中留意我校官网"
308,0,请问贵校会招湖南的琵琶生吗,"你好，我校艺术类具体招生办法、分省分专业招生计划、录取办法等信息现在还未确定，具体信息我校将在另行发布,请4月中留意我校官网"
309,0,有华中师大湖南省招生咨询群吗,没有招生咨询群我们是华南师范大学
310,0,您好！贵校2020年招福建美术生吗？并且专业成绩和文化成绩分别多少分，才有可能被录取。谢谢！,根据《教育部教学司关于做好2020年普通高校特殊类型招生工作的通知》（教学厅【2019】10号）文件精神，结合我校招生及人才培养工作的实际，我校自2020年起不再组织音乐与舞蹈学（含音乐学、音乐表演、舞蹈学三个专业）和美术学与设计学类（含美术学、视觉传达设计、环境设计、产品设计、数字...[详细]
311,0,老师您好！我想咨询一下贵校近三年在陕西录取美术及设计类各专业的文科生最低及平均分数，谢谢！,请参考https://zsb.scnu.edu.cn/zhiyuancankao/2019年的还在整理。
312,0,福建考生，音乐类的，问1：今天福建有招生计划吗？2是否校考还是承认福建联考成绩。如果校考，报名是否来得及。,你好，根据《教育部教学司关于做好2020年普通高校特殊类型招生工作的通知》（教学厅【2019】10号）文件精神，结合我校招生及人才培养工作的实际，我校自2020年起不再组织音乐与舞蹈学（含音乐学、音乐表演、舞蹈学三个专业）和美术学与设计学类（含美术学、视觉传达设计、环境设计、产品设计...[详细]
313,0,请问贵校2020年设计专业（艺术类）有港澳台招生政策吗？,现在具体的招生省份还在和各省招办确认中    请4月中留意我校官网
314,0,老师您好，请问贵校今年会在河南招收编导生吗？如果是，请问是按照校考成绩还是统考成绩呢，去年的分数线分数段和招生人数是多少,我校没有编导类专业啊你好，根据《教育部教学司关于做好2020年普通高校特殊类型招生工作的通知》（教学厅【2019】10号）文件精神，结合我校招生及人才培养工作的实际，我校自2020年起不再组织音乐与舞蹈学（含音乐学、音乐表演、舞蹈学三个专业）和美术学与设计学类（含美术学、视觉传达设计...[详细]
315,0,湖南联考280分,"你好，我校艺术类具体招生办法、分省分专业招生计划、录取办法等信息现在还未确定，具体信息我校将在另行发布,请留意我校官网"
316,0,老师您好，音乐学取消校考但没有省内统考（如山东省），成绩如何计算？,"你好，我校艺术类具体招生办法、分省分专业招生计划、录取办法等信息现在还未确定，具体信息我校将在另行发布,请留意我校官网"
317,0,请问在重庆招收音乐类考生吗,"你好，我校艺术类具体招生办法、分省分专业招生计划、录取办法等信息现在还未确定，具体信息我校将在另行发布,请留意我校官网"
318,0,我是一名广西籍美术生，系理科，不知道贵校今年是否有照生计划,一般美术类我校在外省是收文科生，今年最后的艺术类具体招生办法、分省分专业招生计划、录取办法等信息还未确定，请留意我校官网
319,0,贵校招古筝专业吗,"你好，我校艺术类具体招生办法、分省分专业招生计划、录取办法等信息现在还未确定，具体信息我校将在另行发布,请留意我校官网"
320,0,老师我是河北舞蹈艺考生！文化课多少分才能报考咱们学校舞蹈学专业！谢谢🙏🙏,文化课分数线按照河北省划定的分数线    考生文化和术科上线后，各省招办按投档原则投档到我校，我校按照录取原则录取    目前招生专业计划，投档原则尚未确定，请留意我校官网
321,0,不组织校考的话建议按综合分录用要相对公平些。谢谢！,你好，具体招生办法、分省分专业招生计划、录取办法等信息我校确定后将另行发布。
322,0,请问贵校在福建招舞蹈理科生吗？,我校舞蹈学在外省应该只收文科生
323,0,如题。,你好，我校艺术类具体招生办法、分省分专业招生计划、录取办法等信息现在还未确定，具体信息确定后我校将在我校官网另行发布。
324,0,你好，我是广东省文科美术生，请问贵校文化控制线是按普通生还是艺术生设置？有没有单科成绩要求？招不招日语考生？是按综合分数录取吗？综合分数的计算方法是什么？,你好，我是广东省文科美术生，请问贵校文化控制线是按普通生还是艺术生设置？按照广东省艺术类分数线有没有单科成绩要求？学校不另外设置单科要求招不招日语考生？不限考生语种，但是本校公共外语教学为英语，请非英语语种考生慎重报考。是按综合分数录取吗？综合分数的计算方法是什么？我校...[详细]
325,0,您好，贵校今年河北省有招生计划吗，音乐学丶音乐教育、音乐表演长笛河北招几人，建议多少分填志愿,你好，根据《教育部教学司关于做好2020年普通高校特殊类型招生工作的通知》（教学厅【2019】10号）文件精神，结合我校招生及人才培养工作的实际，我校自2020年起不再组织音乐与舞蹈学（含音乐学、音乐表演、舞蹈学三个专业）和美术学与设计学类（含美术学、视觉传达设计、环境设计、产品设计...[详细]
326,0,请问贵校环景设计专业有研究生部吗？或者本科毕业后可以考贵校哪些专业的研究生？就业情况如何？谢谢！,我校美术学院有研究生，具体可参考http://statics.scnu.edu.cn/pics/zsb/2019/0621/1561084661102437.pdf
327,0,招小提琴艺术生吗？需要校考吗？,你好，根据《教育部教学司关于做好2020年普通高校特殊类型招生工作的通知》（教学厅【2019】10号）文件精神，结合我校招生及人才培养工作的实际，我校自2020年起不再组织音乐与舞蹈学（含音乐学、音乐表演、舞蹈学三个专业）和美术学与设计学类（含美术学、视觉传达设计、环境设计、产品设计...[详细]
328,0,请问贵校会招湖南琵琶生吗,你好，根据《教育部教学司关于做好2020年普通高校特殊类型招生工作的通知》（教学厅【2019】10号）文件精神，结合我校招生及人才培养工作的实际，我校自2020年起不再组织音乐与舞蹈学（含音乐学、音乐表演、舞蹈学三个专业）和美术学与设计学类（含美术学、视觉传达设计、环境设计、产品设计...[详细]
329,0,老师好，请问贵校的“美术学（师范）”专业，毕业后是可以当美术老师吗？是不是还要考取“美术类的教师资格证”呢？,同学您好，美术学专业可以选择毕业后当老师。现在国家要求所有中小学教师都要有教师资格证，所以美术学专业的学生如果想当老师也要先考取教师资格证
330,0,大概是在什么时候出简章,你好，根据《教育部教学司关于做好2020年普通高校特殊类型招生工作的通知》（教学厅【2019】10号）文件精神，结合我校招生及人才培养工作的实际，我校自2020年起不再组织音乐与舞蹈学（含音乐学、音乐表演、舞蹈学三个专业）和美术学与设计学类（含美术学、视觉传达设计、环境设计、产品设计...[详细]
331,0,在年前没发布有关不组织音乐校考外省考生觉得挺突然的因为我是在广州集训的就是奔着华师去的希望不负集训时光贵校在招生计划时是会对各省各专业都涉及到嘛还是选择性招某个省的某个专业,是的，我校美术类是2019年就采用联考术科成绩招生了，音乐今年也是不组织校考，直接使用考生所在省份提供的统考成绩作为考生的专业考试成绩。具体录取方法和哪些省哪些专业招生等信息还未确定，确定后我校将在我校招考处官网发布。
332,0,今年计划招山西古筝专业的学生吗？有多少名额，文化和专业大概需要多少分？需要校考吗,你好，根据《教育部教学司关于做好2020年普通高校特殊类型招生工作的通知》（教学厅【2019】10号）文件精神，结合我校招生及人才培养工作的实际，我校自2020年起不再组织音乐与舞蹈学（含音乐学、音乐表演、舞蹈学三个专业）和美术学与设计学类（含美术学、视觉传达设计、环境设计、产品设计...[详细]
333,0,贵校钢琴专业是否在河北招生,你好，我校我校自2020年起不再组织音乐与舞蹈学（含音乐学、音乐表演、舞蹈学三个专业）和本科招生校考，直接使用考生所在省份提供的统考成绩作为考生的专业考试成绩。具体招生办法、分省分专业招生计划、录取办法还未确定，确定后将在我校官网另行发布这些信息。
334,0,专业统考233分，文化多少分可以上贵校？有文理分省计划吗？,你好，我校今年美术类采用考生所在省份提供的统考成绩作为考生的专业考试成绩，美术类外省只收文科生。但是因为我校的招生录取办法还未确定，所以暂时无法估计录取分数。
335,0,请问贵校今年在甘肃有招生计划吗，如果有，招多少学生,你好，具体专业招生办法、分省招生计划、录取规则还未确定，确定后我校将在官网发布这些信息。
336,0,招小提琴艺术生吗需要校考吗？,你好，我校我校自2020年起不再组织音乐与舞蹈学（含音乐学、音乐表演、舞蹈学三个专业）和本科招生校考，直接使用考生所在省份提供的统考成绩作为考生的专业考试成绩。具体招生办法、分省分专业招生计划、录取办法这些信息我校将另行发布。
337,0,贵校今年是否在甘肃有音乐表演（声乐）招生计划,你好，我校我校自2020年起不再组织音乐与舞蹈学（含音乐学、音乐表演、舞蹈学三个专业）和本科招生校考，直接使用考生所在省份提供的统考成绩作为考生的专业考试成绩。具体招生办法、分省分专业招生计划、录取办法现在还未确定，确定后我校将另行发布。
338,0,统考如何录取,你好，统考的具体招生办法、分省分专业招生计划、录取办法还未确定，确定后将在我校官网另行发布这些信息。
339,0,是按综合分录取吗？,你好，我校我校自2020年起不再组织音乐与舞蹈学（含音乐学、音乐表演、舞蹈学三个专业）和本科招生校考，直接使用考生所在省份提供的统考成绩作为考生的专业考试成绩。具体招生办法、分省分专业招生计划、录取办法还未确定，确定后将在我校官网另行发布这些信息。
340,0,今年贵校的艺术校考是取消了，用联考与高考的综合分考取了吗？,我校自2020年起不再组织音乐与舞蹈学（含音乐学、音乐表演、舞蹈学三个专业）和美术学与设计学类（含美术学、视觉传达设计、环境设计、产品设计、数字媒体艺术五个专业）本科招生校考，直接使用考生所在省份提供的统考成绩作为考生的专业考试成绩。具体招生办法、分省分专业招生计划、录取办...[详细]
341,0,请问华南师范艺术舞蹈专业还可以报名吗？,我校自2020年起不再组织音乐与舞蹈学（含音乐学、音乐表演、舞蹈学三个专业）和美术学与设计学类（含美术学、视觉传达设计、环境设计、产品设计、数字媒体艺术五个专业）本科招生校考，直接使用考生所在省份提供的统考成绩作为考生的专业考试成绩。具体招生办法、分省分专业招生计划、录取办...[详细]
342,0,今年怎么还没出招生简章？会承认湖南音乐的统考成绩吗？,我校自2020年起不再组织音乐与舞蹈学（含音乐学、音乐表演、舞蹈学三个专业）和美术学与设计学类（含美术学、视觉传达设计、环境设计、产品设计、数字媒体艺术五个专业）本科招生校考，直接使用考生所在省份提供的统考成绩作为考生的专业考试成绩。具体招生办法、分省分专业招生计划、录取办...[详细]
343,0,今年的舞蹈类招生计划如何？,目前专业计划还没定。艺术类具体招生办法、分省分专业招生计划、录取办法等信息我校将另行发布。
344,0,您好，我想问一下今年河南美术生的，招生名额，和录取原则，谢谢,我校自2020年起不再组织音乐与舞蹈学（含音乐学、音乐表演、舞蹈学三个专业）和美术学与设计学类（含美术学、视觉传达设计、环境设计、产品设计、数字媒体艺术五个专业）本科招生校考，直接使用考生所在省份提供的统考成绩作为考生的专业考试成绩。具体招生办法、分省分专业招生计划、录取办...[详细]
345,0,请问一下关于湖南美术专业生未过联考线，还有机会考本院校吗？如果可以的话按照往年录取分数线来说，今天文化分数线大概是多少。麻烦老师解说一下,你好，我校今年湖南美术采用联考招生，具体分省分专业招生计划、录取办法未定，届时将另行发布。因为今年和往年录取方式不同。所以没有参考数据。如果美术成绩未过联考线，应该考我校机会不大。
346,0,请问贵校的艺术类招生今年是否举行校考？,我校自2020年起不再组织音乐与舞蹈学（含音乐学、音乐表演、舞蹈学三个专业）和美术学与设计学类（含美术学、视觉传达设计、环境设计、产品设计、数字媒体艺术五个专业）本科招生校考，直接使用考生所在省份提供的统考成绩作为考生的专业考试成绩。具体招生办法、分省分专业招生计划、录取办...[详细]
347,0,请问音乐类校考什么时候进行,我校自2020年起不再组织音乐与舞蹈学（含音乐学、音乐表演、舞蹈学三个专业）和美术学与设计学类（含美术学、视觉传达设计、环境设计、产品设计、数字媒体艺术五个专业）本科招生校考，直接使用考生所在省份提供的统考成绩作为考生的专业考试成绩。具体招生办法、分省分专业招生计划、录取办...[详细]
348,0,老师您好，我想报考学校美术类专业，咨询学校往年综合分分数对文化课是否有小圈限制。谢谢老师,按照考生所在省规定，我校没有没有另外的小分限制
349,0,一直没找到你们的报名窗口,我校艺术类在外省一直是只招文科考生。
350,0,舞蹈学专业是否组织校考？何种形式？如果联考河北在哪段招生？,我校自2020年起不再组织音乐与舞蹈学（含音乐学、音乐表演、舞蹈学三个专业）和美术学与设计学类（含美术学、视觉传达设计、环境设计、产品设计、数字媒体艺术五个专业）本科招生校考，直接使用考生所在省份提供的统考成绩作为考生的专业考试成绩。具体招生办法、分省分专业招生计划、录取办...[详细]
351,0,有没有舞蹈专业，开放报名吗？文化课估计需要多少分,我校自2020年起不再组织音乐与舞蹈学（含音乐学、音乐表演、舞蹈学三个专业）和美术学与设计学类（含美术学、视觉传达设计、环境设计、产品设计、数字媒体艺术五个专业）本科招生校考，直接使用考生所在省份提供的统考成绩作为考生的专业考试成绩。具体招生办法、分省分专业招生计划、录取办...[详细]
352,0,你好，我找了很久没找到华南师范大学的招生简章，请问出了音乐类的招生简章嘛？,我校自2020年起不再组织音乐与舞蹈学（含音乐学、音乐表演、舞蹈学三个专业）和美术学与设计学类（含美术学、视觉传达设计、环境设计、产品设计、数字媒体艺术五个专业）本科招生校考，直接使用考生所在省份提供的统考成绩作为考生的专业考试成绩。具体招生办法、分省分专业招生计划、录取办...[详细]
353,0,外省还会有音乐类校考吗,我校自2020年起不再组织音乐与舞蹈学（含音乐学、音乐表演、舞蹈学三个专业）和美术学与设计学类（含美术学、视觉传达设计、环境设计、产品设计、数字媒体艺术五个专业）本科招生校考，直接使用考生所在省份提供的统考成绩作为考生的专业考试成绩。具体招生办法、分省分专业招生计划、录取办...[详细]
354,0,请问贵校今年表演专业校考取消，还有表演专业吗？如果有，怎么从统考成绩录取？看综合分排名？还是看要报考的专业单科成绩排名？,还有表演专业。具体专业招生办法、分省分专业计划、录取办法等信息还在讨论，到时我校将另行发布。
355,0,老师你好，我特别想问今年的华南师范大学音乐学院还会举行校考么？还是因为疫情全部转入省联考招生，今年对福建省的招生计划有变么？这两天看到中央戏剧学院和北京舞蹈学校等艺术类院校都按高考文化高低录取，我为了报考华南师范大学练了很久的专业，请问会如同其他院校一样按高考文化分录取...[详细],我校自2020年起不再组织音乐与舞蹈学（含音乐学、音乐表演、舞蹈学三个专业）和美术学与设计学类（含美术学、视觉传达设计、环境设计、产品设计、数字媒体艺术五个专业）本科招生校考，直接使用考生所在省份提供的统考成绩作为考生的专业考试成绩。具体招生办法、分省分专业招生计划、录取办...[详细]
356,0,请问今年音乐教育招生吗？招多少？综合分大概要求多少分？谢谢！,音乐学专业今年有招生。具体招生计划还在讨论，届时将在我校官网另行通知分数要求可参考我校去年录取情况：音乐学2019年广东省我校最低录取分数为投档总分549分（全省第121名）
357,0,我想问一下，什么时候出招生简章呢？还会组织校考吗？,我校自2020年起不再组织音乐与舞蹈学（含音乐学、音乐表演、舞蹈学三个专业）和美术学与设计学类（含美术学、视觉传达设计、环境设计、产品设计、数字媒体艺术五个专业）本科招生校考，直接使用考生所在省份提供的统考成绩作为考生的专业考试成绩。具体招生办法、分省分专业招生计划、录取办...[详细]
358,0,老师您好，我是来自广西的2020年音乐艺考生。我想请问一下，华南师范大学2020年艺术类招生是还未开始吗，招生简章还未颁布吗？,我校自2020年起不再组织音乐与舞蹈学（含音乐学、音乐表演、舞蹈学三个专业）和美术学与设计学类（含美术学、视觉传达设计、环境设计、产品设计、数字媒体艺术五个专业）本科招生校考，直接使用考生所在省份提供的统考成绩作为考生的专业考试成绩。具体招生办法、分省分专业招生计划、录取办...[详细]
359,0,您好！请问贵校的音乐表演的古筝专业今年还召生吗？今年还没有看到相关简章，希望贵校不要取消校考，要知道联考的标准和校考是不样的，我们一直在准备，就是为了冲刺贵校的校考专业。如果初试以视频及远程的方式，都能给我们一个机会，不管结局如何，今年疫情影响，很多学校要高考后复试，对...[详细],我校自2020年起不再组织音乐与舞蹈学（含音乐学、音乐表演、舞蹈学三个专业）和美术学与设计学类（含美术学、视觉传达设计、环境设计、产品设计、数字媒体艺术五个专业）本科招生校考，直接使用考生所在省份提供的统考成绩作为考生的专业考试成绩。具体招生办法、分省分专业招生计划、录取办...[详细]
360,0,老师您好，我家孩子2019年山西理科高考535分，省排名区间19182-19585，想咨询下一批报考贵校能被录取嘛？,我校历年录取情况请参考https://zsb.scnu.edu.cn/zhiyuancankao/
361,0,请问华南师范的一批提档率是105%吗，提档服从调剂会退档吗？,根据生源情况确定投档比例，投档比例原则上控制在招生计划的100%-120%以内，学校视生源情况适当调整。在实行平行志愿投档的省（自治区、直辖市），学校可根据各省级招办公布的平行志愿投档规则及生源情况确定招生计划微调方案和调档比例。平行志愿身体符合录取条件和服从调剂的情况下不退档
362,0,您好，我想报师范生，但面部下颌有红色胎记，可以报吗？非常感谢！,我校录取考生的体检标准按照教育部、卫生部、中国残疾人联合会颁布的《普通高等学校招生体检工作指导意见》（教学〔2003〕3号）和《教育部办公厅卫生部办公厅关于普通高等学校招生学生入学身体检查取消乙肝项目检测有关问题的通知》（教学厅〔2010〕2号）的有关规定执行。
363,0,请问一批的调档率是105%吗，如果服从调剂会不会退档？,平行志愿服从调剂不退档
364,0,请问贵校的中外合作办专业是否取得办学审批？,符合教育部办学要求
365,0,我没有报师范类专业，如果服从志愿调剂会被调剂到师范类专业吗？,在同批次同科类有录取计划的专业里面调剂
366,0,请问，广东文科生527，排位在33585报考贵校的提前批教师专项计划有机会被录取吗？被提档后没被录取会不会影响本科批次的录取？,不会影响本科批次的录取我校历年录取情况请参考https://zsb.scnu.edu.cn/zhiyuancankao/
367,0,如果音乐学的投档比例为120%，比录取人数多出来的档案会被退回吗,如果是统考平行志愿不退档校考的话按照我校录取原则录取
368,0,辽宁文科位次2168，请问可以报考贵校吗？,我校历年录取情况请参考https://zsb.scnu.edu.cn/zhiyuancankao/
369,0,新疆文科省排860-880报考贵校希望大吗？谢谢老师,我校历年录取情况请参考https://zsb.scnu.edu.cn/zhiyuancankao/
370,0,高考分数为342，在所报科类内排名第58494。是否可以报考贵校专科。,我校普通高考没有专科
371,0,你好，请问贵校在福建的录取位次大概在多少,我校历年录取情况请参考https://zsb.scnu.edu.cn/zhiyuancankao/
372,0,请问心理学（师范）是什么意思呢，这个专业是主要学习教育心理学吗，还是毕业后要定向从事师范类的工作，可不可以读研呢？谢谢老师,专业介绍请参考https://zsb.scnu.edu.cn/zyjj/
373,0,重庆文科考生位次2594有希望就读贵校汉语言专业吗？或者历史师范专业呢？,我校历年录取情况请参考https://zsb.scnu.edu.cn/zhiyuancankao/
374,0,老师请问若报名非师范类专业在学校还可以转入师范类专业吗专业不同呢,我校新生（除艺术类、高水平运动队、运动训练、单独院校代码招生中外合作专业等特殊类外）入学后第二学期，可按自己的兴趣爱好“零门槛”申请专业转出，经考核同意后在第三学期转入新专业学习。
375,0,您好，河南考生文科592分，位次2999，能报考贵校吗,我校历年录取情况请参考https://zsb.scnu.edu.cn/zhiyuancankao/
376,0,请问院校代码与专业代码在哪里查询？我想获取师范类专业的专业代码,我校学校代码是10574具体专业代码请参考各省发的专业目录
377,0,如题,平行志愿的话服从调剂和体检合格的情况下不退档
378,0,请问我文科9900名，依靠地方专项可以上贵校的汉语言专业吗？,我校历年录取情况请参考https://zsb.scnu.edu.cn/zhiyuancankao/
379,0,您好，我是广东文科考生，573分，排位7909。请问今年贵校的预估投档线是多少，我有希望冲进去吗？谢谢,我校历年录取情况请参考https://zsb.scnu.edu.cn/zhiyuancankao/
380,0,请问吉林地区578全省1267考进华南师范大学成功几率大吗,我校近五年吉林文科录取情况：2018年最低录取分561，比分数线高19分；2017年一本线528，最低录取分555，比一本线高27分；2016年一本线531，最低录取分549，比一本线高18分；2015年一本线543，最低录取分571，比一本线高28分；2014年一本线560，最低录取分582，比一本线高22分。我校近五年吉林...[详细]
381,0,请问报考师范类提前批，毕业后是定向分配还是自主就业？另外，师范类提前批与教师专项是否相同？,我校普通类师范生毕业是自主就业广东省的教师专项是定向分配
382,0,请问报考贵校普通本科一批，能辅修其他学位或修双学位吗？提前批师范类呢？,辅修专业请咨询我校教务处020-85211092
383,0,华师2019年的师范类专业不在提前批录取？,广东省师范类在提前批录取其他省份看各省招生办安排
384,0,请问华师今年中国语言文学专业是否招收理科生？总分553排位27435是否有机会被录取？作文方面获得国家级奖项是否有帮助？,我校历年录取分数请参考https://zsb.scnu.edu.cn/zhiyuancankao/
385,0,老师您好，我是一名云南考生。请问一下在贵校投档的总分包括少数民族政策性照顾分吗？,有关加分或照顾录取政策，在各省份执行各省招生办公布的加分项目及分值。加分分值适用于投档及专业分档。
386,0,您好，我是陕西理科考生，今年高考分数为588分，排名10295，请问报考贵校网络工程专业，有希望被录取吗？谢谢！,我校历年录取情况请参考https://zsb.scnu.edu.cn/zhiyuancankao/
387,0,请问贵校汉语言文学师范与非师范的区别？谢谢！,师范与非师范专业主要在课程设置上有所区别，师范专业是以培养优秀教师为主要目的，在课程设置上会侧重于教师技能的培养。入学后的第二学期，学生可根据自己的兴趣爱好，在师范与非师范各专业申请互转，这样填报志愿可增加录取的机会。
388,0,请问老师，贵校官网上面有提到心理学基地班在新生里选拔，请问需要什么条件？入学以后如果在大一申请辅修第二专业，是否也需要推迟毕业？谢谢！,心理学基地班请咨询心理学院辅修请咨询教务处020-85211092
389,0,请问贵校的提前批什么时候可以填志愿？,我校在第二阶段报考：第二时段：6月26日21:00－7月2日18:00。本时段除提前批需政审(政治考核)、面试、体检的军队、武警、公安、司法、消防以及招收飞行技术专业等院校以外，其他所有各批次、各科类（普通文理科、艺术、体育等）院校志愿均需在本时段填报并进行网上确认志愿信息。
390,0,老师你好，您校今年在湖北的招生计划专业要么是管理类，要么是师范类。我想去贵校学习其他非师范的专业，请问是放弃填报（专业不符）还是进校后给我们转大类的机会？,我校新生（除艺术类、高水平运动队、运动训练、单独院校代码招生中外合作专业等特殊类外）入学后第二学期，可按自己的兴趣爱好“零门槛”申请专业转出，经考核同意后在第三学期转入新专业学习。
391,0,2019提前批可以报考哪些专业,我校招生计划请参考https://zsb.scnu.edu.cn/a/20190614/388.html我校历年录取情况请参考https://zsb.scnu.edu.cn/zhiyuancankao/
392,0,老师您好，我是今年陕西文科考生602分省排名1615名，能报应用心理学专业吗?,我校历年录取情况请参考https://zsb.scnu.edu.cn/zhiyuancankao/
393,0,您好！山东理科考生605分位次13749名报考贵校有希望吗？请问如请果选择服从调剂那么会出现过提档线而退档的情况吗？,平行志愿如果服从调剂且身体符合录取条件不会退档
394,0,贵校提档后有退档的可能吗？有没有预留学位？,平行志愿的情况下，如果服从调剂和身体符合录取条件不会退档
395,0,请问提前批师范类填报时间是什么,我们学校在广东省的报考时间在第二阶段：第二时段：6月26日21:00－7月2日18:00。本时段除提前批需政审(政治考核)、面试、体检的军队、武警、公安、司法、消防以及招收飞行技术专业等院校以外，其他所有各批次、各科类（普通文理科、艺术、体育等）院校志愿均需在本时段填报并进行网上确认志愿...[详细]
396,0,您好我现在贵州理科9500名左右请问贵校的投档是105%吗？若是如果服从调剂的话是不是不会被退档谢谢,平行批次服从调剂不退档
397,0,您好，我是高2016级四川文科考生，我的高考成绩是548分，有意愿填报贵校，请问有没有可能被录取？,我校历年录取分数请参考https://zsb.scnu.edu.cn/zhiyuancankao/
398,0,1、师范专业可辅修非师范专业如金融学、会计学等？2、辅修获得足够学分可取得辅修专业的本科学士学位？3、若本科期间无辅修非师范专业如金融，本科以师范毕业后可直接考取金融研究生？感谢回复！！,辅修专业请咨询我校教务处020-85211092
399,0,老师您好:我是新疆理科考生，成绩556，位次4140，报考贵校有希望吗，如果服从调剂是否会退档，谢谢！,我校历年录取分数请参考https://zsb.scnu.edu.cn/zhiyuancankao/
400,0,我的成绩为597，能否通过国家专项计划报考贵校心理学专业，位次为17549,我校没有国家专项的心理学专业计划
401,0,老师你好：我是轻度色觉异常（色弱），如果报贵校的自动化类专业被投档后，会因为这个被退档吗？多谢你！,我校录取考生的体检标准按照教育部、卫生部、中国残疾人联合会颁布的《普通高等学校招生体检工作指导意见》（教学〔2003〕3号）和《教育部办公厅卫生部办公厅关于普通高等学校招生学生入学身体检查取消乙肝项目检测有关问题的通知》（教学厅〔2010〕2号）的有关规定执行。
402,0,592分，省排3212，是否有机会在贵校就读法学。,我校历年录取分数请参考https://zsb.scnu.edu.cn/zhiyuancankao/
403,0,请问贵校对内蒙古专科录取分数线是多少,我校没有专科招生计划
404,0,您好，我是广西2019年文科考生，分数576，排名1919，请问有机会报读贵校吗？建议放在第几志愿呢,我校历年录取分数请参考https://zsb.scnu.edu.cn/zhiyuancankao/
405,0,您好，我是广西2019年文科考生，分数576，排名1919，请问有机会报读贵校吗？建议放在第几志愿呢,我校历年录取分数请参考https://zsb.scnu.edu.cn/zhiyuancankao/
406,0,上海529可能进入贵校心理学专业吗,我校没有上海招生计划
407,0,2019年心理学新生住的是新宿舍还是老的？谢谢,入学后由学校安排的
408,0,老师您好，我是湖北文科考生，586分，位次2979，报考贵校能录取吗,我校历年录取分数请参考https://zsb.scnu.edu.cn/zhiyuancankao/
409,0,贵校今年在贵州招生的提前批有哪些专业，需要什么条件？,我校招生计划请参考https://zsb.scnu.edu.cn/a/20190614/388.html
410,0,请问贵校的提前批师范是否就是教师专项计划？,我校师范类计划在提前批·非军检体检院校，教师专项计划安排在提前批·教师专线及农村卫生专项批次
411,0,老师您好，我是福建文科考生，总分579，排名3710，能被贵校录取吗？,由于今年报考情况未知，我校今年分数线暂时无法估计。请考生参考我校往年录取情况http://zsb.scnu.edu.cn/zhiyuancankao/
412,0,据我所知专项计划的学生4年学费免除但毕业后要去农村任教至少6年，即入学要签订协议，除此之外，教师专项计划的学生和一般师范类学生有没有其他不同？比如专项计划的学生独自一个班或者说毕业后颁发的毕业证书有所不同亦或者录取通知书的性质与一般师范类学生不同这样子，请问有诸如此类的不...[详细],毕业证书和通知书没什么不同独不独立成班需要入学后看学院怎么管理
413,0,您好，本人高考511，想报贵校的中外合作办学专业，请问这个分数可以被录取吗？还想请问一下贵校的报考代码是多少？想确认一下，谢谢。,由于今年报考情况未知，我校今年分数线暂时无法估计。请考生参考我校往年录取情况http://zsb.scnu.edu.cn/zhiyuancankao/中外合作办学代码是70574
414,0,广东美术生文科综合分518排位2103，录取贵校希望大吗，往年美术类录取最低排位多少名，分数线参考多少分,往年录取情况请参考http://zsb.scnu.edu.cn/zhiyuancankao/
415,0,广东考生理省位次23787，能被贵校网络工程或者环境工程录取吗？,由于今年报考情况未知，我校今年分数线暂时无法估计。请考生参考我校往年录取情况http://zsb.scnu.edu.cn/zhiyuancankao/
416,0,老师贵校招生简章说若服从调剂则调剂到有关未满额的专业但是如果其他专业全部满人会不会做退档处理又或者能否说如果投档至贵校且服从调剂则不会被退档？,我校会根据模拟投档情况，尽量缩小提档比例，减少服从调剂的考生退档风险
417,0,一本录取的学生在南海校区就读吗，如有请问是什么专业,校区专业安排http://zsb.scnu.edu.cn/zyjj/
418,0,老师您好广东文科考生573位次8548请问可以选择去冲一冲贵校吗？,往年录取情况请参考http://zsb.scnu.edu.cn/zhiyuancankao/
419,0,贵校的专业代码详细？,请参考专业目录
420,0,老师您好！我是山东文科考生，请问若进档且服从调剂，是否保证不退档?谢谢！,我校会根据模拟投档情况，尽量缩小提档比例，减少服从调剂的考生退档风险
421,0,贵校是非军检院校。文科提前批是27号即今天17：00前填报？可是志愿填报显示不出一本填报？,我校在第二时间段报考，即今晚才开始报考
422,0,我是广东考生2018年高考分数593省排位3797请问能否被贵校汉语言文学专业（包括师范类和非师范类）录取？,机会很大往年录取情况请参考http://zsb.scnu.edu.cn/zhiyuancankao/
423,0,按照今年的平行志愿的风险，提前一批报考师范专业理科省排两万九千是否有胜算？？,由于今年报考情况未知，我校今年分数线暂时无法估计。请考生参考我校往年录取情况http://zsb.scnu.edu.cn/zhiyuancankao/
424,0,广东考生546分上贵校提前批师范概率有多大,往年录取情况请参考http://zsb.scnu.edu.cn/zhiyuancankao/
425,0,高考排名两万九有希望进入贵校吗,往年录取情况请参考http://zsb.scnu.edu.cn/zhiyuancankao/
426,0,"你好,我在广东省理科排名49536请问有机会进提前批吗",往年录取情况请参考http://zsb.scnu.edu.cn/zhiyuancankao/
427,0,我是河南理科考生，今年高考分数584分，全省24624名，请问有希望被录取吗？,往年录取情况请参考http://zsb.scnu.edu.cn/zhiyuancankao/
428,0,老师好，广东文科考生596分报贵校英语师范专业录取机会大吗？入校后可以转其他专业吗？,根据教育部要求，考生在入学后第一学年第二学期，可向转入学院申请转专业，若转入学院考核合格，可以转入新专业就读
429,0,我是广东考生，今年文科分数571，是否可以报考贵校？,往年录取情况请参考http://zsb.scnu.edu.cn/zhiyuancankao/
430,0,是任何人都可以报考提前批的吗,是的
431,0,我想请问我今年理科497分能否填报贵校的教师专项计划？,教师专项计划为今年第一年报考，无往年数据参考，暂时无法估计
432,0,我是广东考生文科省排4181请问我可以上提前批的汉语言文学师范类吗？？,往年录取情况请参考http://zsb.scnu.edu.cn/zhiyuancankao/
433,0,我是广东考生，2018年理科568分，排名20791名，请问可否上贵校的计算机专业？谢谢,往年录取情况请参考http://zsb.scnu.edu.cn/zhiyuancankao/
434,0,老师，你好！我是美术生，文科成绩449，美术统考成绩249，想报读华师美术学（师范）有机会吗？还有就是，平行志愿下，我报了华师，被调档了，读不了师范，不去设计学，是不是被退档。还有就是，被设计录取了，进校后，可不可以转美术学（师范）,还有就是，平行志愿下，我报了华师，被调档了，读不了师范，不去设计学，是不是被退档。是的还有就是，被设计录取了，进校后，可不可以转美术学（师范）转专业需入学后向学院申请，由学院考核
435,0,老师您好请问贵校在山东的招生往年平均位次大概是多少？有专业级差吗？调剂后是否保证不退档？,往年录取情况请参考http://zsb.scnu.edu.cn/zhiyuancankao/
436,0,老师，你好！我是美术生，文科成绩449，美术统考成绩249，想报读华师美术学（师范）有机会吗？还有就是，平行志愿下，我报了华师，被调档了，读不了师范，不去设计学，是不是被退档。还有就是，被设计录取了，进校后，可不可以转美术学（师范）,老师，你好！我是美术生，文科成绩449，美术统考成绩249，想报读华师美术学（师范）有机会吗？今年第一年综合分录取，暂时无法估计还有就是，平行志愿下，我报了华师，被调档了，读不了师范，不去设计学，是不是被退档。是的还有就是，被设计录取了，进校后，可不可以转美术学（师范）转专业...[详细]
437,0,我是新疆考生，理工类，525分，比一本线高58分，请问能上贵校的师范类专业吗？,往年录取情况请参考http://zsb.scnu.edu.cn/zhiyuancankao/
438,0,你好！我是广东考生，今年文科594分，排位3697，请问能上贵校汉语言文学（师范）吗,往年录取情况请参考http://zsb.scnu.edu.cn/zhiyuancankao/
439,0,请问老师，安徽考生，理科，605分，排名11492，可有机会被录取？,往年录取情况请参考http://zsb.scnu.edu.cn/zhiyuancankao/
440,0,老师，请问提前批在哪里报名,请咨询当地招生办
441,0,老师，你好，请问提前批在哪里报名?,高考报名请咨询当地招生办
442,0,山东考生，60219234能否上贵校是否设专业级差,由于今年报考情况未知，我校今年分数线暂时无法估计。请考生参考我校往年录取情况http://zsb.scnu.edu.cn/zhiyuancankao/不设级差
443,0,如果志愿服从调剂，体检合格，进档后，是否一定不会被退档？谢谢,我校会根据模拟投档情况调整投档比例，尽量缩小考生退档可能
444,0,请问贵州文科生省位次在1842，分数632要进贵校需要在多少位次？如果想进经济学或编辑出版学或传播学，可能性大吗？想知道去年前年这三个专业的录取分数线,由于今年报考情况未知，我校今年分数线暂时无法估计。请考生参考我校往年录取情况http://zsb.scnu.edu.cn/zhiyuancankao/
445,0,湖南文科597，排名6411，能报公费师范生吗,我校没有公费师范生
446,0,老师您好，我是云南文科生，分数622排名1645，超一本线47分，有希望被录取吗？,由于今年报考情况未知，我校今年分数线暂时无法估计。请考生参考我校往年录取情况http://zsb.scnu.edu.cn/zhiyuancankao/
447,0,老师您好，我是云南文科生，分数622排名1645，超一本线47分，有希望被录取吗？,由于今年报考情况未知，我校今年分数线暂时无法估计。请考生参考我校往年录取情况http://zsb.scnu.edu.cn/zhiyuancankao/
448,0,您好，我想问一下贵校是否还有开设专科专业？如果有是在哪个校区？具体收费情况有么有文件可以参考呢？,我校普高不招专科
449,0,老师您好：海南理科723分，省排名1189，高出省分数线184分，想报考贵校有希望吗？,由于今年报考情况未知，我校今年分数线暂时无法估计。请考生参考我校往年录取情况http://zsb.scnu.edu.cn/zhiyuancankao/
450,0,本人是一名填报国家专项的贵州考生，是女生，分数为534，排名20811，能填报贵校吗？若能填报能选什么专业?盼您回复，谢谢！,往年录取情况请参考http://zsb.scnu.edu.cn/zhiyuancankao/我校没有公费师范生
451,0,您好，山东理科，615分，12800名左右，是否可以报贵校。专业能否推荐，谢谢,往年录取情况请参考http://zsb.scnu.edu.cn/zhiyuancankao/
452,0,你好，山东文科考生610分，位次3421，有希望被贵校录取吗？专业选择范围怎么样啊？,往年录取情况请参考http://zsb.scnu.edu.cn/zhiyuancankao/
453,0,你好！我想咨询一下贵校在广东提前批招收师范类专业对考生有无特殊要求？在提前批被贵校录取与在普通本科批次被录取有何区别？,按照专业目录上的体检要求，无特殊要求提前批为师范类学生
454,0,您好！辽宁理科考生，实行平行自愿。请问贵校是否承诺服从不退？谢谢！,我校会根据模拟投档情况尽量缩小投档比例，减少考生退档风险
455,0,老师，重庆考生服从专业调剂，请问仅限于本地招生计划专业（汉语言文学、历史），还是不局限于计划内专业，包括其他省份招生计划未完成的专业呢？,在本省同批次同科类有招生计划的专业里面调剂
456,0,老师好，我是广西考生，理科348，想报考本校计算机科学与技术专科，有希望吗,我校没有招专科生
457,0,请问贵校化学专业免费师范生在广东计划招收多少人？分数要求是不是要特别高？对视力是否有要求？是否要加试？,我校没有化学免费师范生
458,0,贵校是师范类学校，想请问如果我想填报师范类的专业是要在提前批填报还是专科？言外之意就是，是不是师范类都是在提前批完成录取，而非师范在本科批？,是师范类都是在提前批完成录取，而非师范在本科批广东是这样
459,0,尊敬的老师:您好，我是云南省一名文科考生，成绩607，想要报考贵校思想政治教育专业，请问是否能够被录取？如果可以，请问应该注意哪些问题？云南省文科一考生2018年6月24日,由于今年报考情况未知，我校今年分数线暂时无法估计。请考生参考我校往年录取情况http://zsb.scnu.edu.cn/zhiyuancankao/
460,0,老师您好我是今年的广西理科考生高考没考好只比一本线多21分不知道报贵校有没有可能？,我校历年录取分数可参考：http://zsb.scnu.edu.cn/zhiyuancankao/
461,0,老师你好，我是山东的一名理科生，今年我的分数是591，位次是21655，报考贵校有无风险？,我校历年的录取最低分数可在我校招生信息网查询：http://zsb.scnu.edu.cn/zhiyuancankao/
462,0,您好，我是2017年湖北，理工科516分，想报考贵校的心理学，请问可能性大吗？,我校历年录取分数可参考：http://zsb.scnu.edu.cn/zhiyuancankao/
463,0,请问贵校有没有专业级差设置?,我校在分专业时不设级差，录取原则：普通类专业录取先按“专业志愿优先”，后按“分数优先，遵循志愿”的原则录取，即先按考生所填报的第一专业志愿从高分到低分录取（相同分数的按排位先后录取）。未被第一专业志愿录取的考生，按“分数优先，遵循考生第二至第六专业志愿”的方法录取（相同分...[详细]
464,0,老师您好，我是云南理科考生，高考分数545，超一本线45分，位次全省13021，报考贵校有希望吗？,我校历年录取分数可参考：http://zsb.scnu.edu.cn/zhiyuancankao/
465,0,我是天津考生，理科男570分，报考贵校有希望吗？谢谢,我校今年在天津没有招生计划。
466,0,老师，您好！我是甘肃的考生，今年考了511，不知道能否报考贵校？,我校历年录取分数可参考：http://zsb.scnu.edu.cn/zhiyuancankao/
467,0,老师您好，提前批的师范专业可转到普通批的专业吗？,新生入学后第二学期，也可按自己的兴趣爱好“零门槛”申请专业转出，经考核同意后在第三学期转入新专业学习。
468,0,广西考生可以报考该校的师范类么，差6分没过二本最低控制线,我校在广西的招生批次在一本。
469,0,甘肃今年有没有录取计划，高出一本线48分能报考嘛？,今年我校在甘肃有招生计划，历年的录取分数可参考http://zsb.scnu.edu.cn/zhiyuancankao/
