ID,标签,问题,答案
0,0,请问广东文科560排位13969有机会录上贵校的网络与新媒体吗,有机会，大胆报。
1,0,河南理科559分可报贵校吗？,该成绩比较紧张。
2,0,老师你好，我音乐学总分509排名985。音乐表演（器乐）总分518排名970。进贵校的概率大吗？,比较紧张，有机会，冲
3,0,请问贵校理科生可报语文（师范）吗？然后教育技术学（师范）受色弱限制吗？我的孩子物理科583可报贵校什么专业,不可以。该成绩可大胆填报我校201-207专业组
4,0,2021年志愿填报为什么专业组212和231有些专业重复？,231是地方专项。
5,0,我看一些广大的师姐师兄说非师范专业不可以转入师范专业，我想问一下汉语言文学专业可以转汉语言文学（师范）吗,464分，估计进广大机会不大。
6,0,被提档了，且服从调剂，会被退档吗？,不会
7,0,中外合作旅游管理专业毕业证书上是否有“中外合作”字样？,没有，毕业证上专业名称：旅游管理
8,0,1.请问我物理类579分39717排位报英语师范专业录取可能性大吗那英语（非师范）专业和地理（师范）专业能不能比较稳录取呢2.英语专业（非师范）到时考教师会不会比师范类英语阻碍多很多3.贵校英语专业就业情况好吗会不会很受限制4.贵校英语师范和地理师范近三年录取最低最高排位是怎样的呢英语...[详细],可以冲英语师范，你的成绩可以大胆报。考证方面师范生应该有优势。师范类专业在本科批次报。http://zsjy.gzhu.edu.cn/info/1014/4251.htm
9,0,请问为什么去年英语（师范）招收的最低排名比英语的最低排名高许多?是因为英语（师范）比英语专业要好吗？,去年师范在提前批，今年在本科批，有机会了。
10,0,老师您好请问湖南历史471有希望被贵校录取吗,机会不大
11,0,老师您好请问湖南历史471有希望录取吗,机会不大
12,0,想问报考贵校的教师专项是第一批填报的志愿吗？属于提前批专科?,本科提前批教师专项，在今晚19：00开始报
13,0,老师您好！我想问下，录取时是检索专业组还是专业，谢谢老师。,两者均要检索
14,0,老师您好！我想咨询下，倘若我在贵校选择了A专业组，但我只填了其下的2个专业，并且选择了服从调剂，那我会被录取（或退档）吗？谢谢！,只要档案投到我校，服从调剂，符合专业录取条件，概不退档。
15,0,1.中外合办的只有旅游管理吗？2.中外合办学费多少？在哪查看3.历史考生分515排39562被录取可能性大吗？谢谢,我校只有这个中外合作项目。你的成绩可冲一下。旅游管理（中外合作办学）专业是国内高校性价比很高的中外合作办学专业。学费：中方6300元/年*4年，法方600欧元/年*3年（具体按广东省发改委颁布的金额标准，以及法国高等教育部的相关法令为指导）法语上课：前两年我校有聘外教上课，第三、四年...[详细]
16,0,就读贵校师范类可以考研吗？,可以
17,0,请问排名13589报哪类师范录取可能较大,212-214组均可大胆报
18,0,您好，广州美术生，术科225，综合分531，排2317名，可能被贵校美术学录取吗？会先看术科分再看综合分吗？谢谢。,机会较大！以综合分排序优先录取
19,0,请问分数561，排位13589报会计或金融学录取几率大吗,较大，大胆报
20,0,请问下贵校音乐学（声乐）专业是按统考音乐表演成绩还是按音乐学院成绩录取？,音乐表演（声乐）总分
21,0,你好，我是广东考生，如果我提前批教师专项报两个学校，但第一个学校没录到我，那么是轮到我报的第二个学校还是转到本科批,本科提前批中，教师专项可报多个组，分数排位够高，只投档顺序中的一个组，完成投档。不影响本科批
22,0,请问历史类540分填报贵校的教师专项，录取机会大吗？,有机会
23,0,教师专项能否填报多个院校专业组？,每个地点一个组，都可考虑填报，历史类有4个
24,0,请问分数561，排位13589，报考英语师范专业录取几率大吗，或者是英语专业,较紧张。做好冲稳保。
25,0,老师。您好！请问贵校的中外合作办学的学生，还能不能辅修贵校的别的专业，毕业成绩可以能得双学位吗？,可以
26,0,你好，请问该校会因为低分退档吗？,只要档案投到我校，服从调剂，符合专业录取条件，概不退档。
27,0,您好，我是广东物理考生，过专项线24分，排名九万左右，报考贵校的地方专项的专业有希望吗？谢谢！,机会不大
28,0,老师你好请问贵校在招生简章里描述的“会预留1%发考生进行生源调剂”该条例的意思是投档是会让更多的考生被录取但若最后贵校招满人了分数低的考生就会被退档是这样理解吗？,该预留计划用于调整某专业组已投档考生的录取问题。
29,0,湖北女生史化生组合600分省排名3877位报考贵校工商管理专业录取率怎么样？,你的成绩是本科线上137分，相对往年情况，进广大机会较小，可冲。
30,0,你好，假如被贵校调剂后，能转专业吗？需要什么条件？,入学可向教务处申请转专业，请查阅我校本科网和公众号推文。
31,0,"你好，成绩567,排名51448,有机会进贵校吗？",有较大机会。可冲201、202、大胆报203-207
32,0,请问排位57851报英语师范被录取的可能性大吗,可能性不大，可冲其余专业
33,0,请问广东理科529排位95420可以报考贵校的教师专项吗？,有点机会，可冲
34,0,请问广东物理考生排名65965，553分有机会进入贵校吗？,成绩偏低，只能冲了。一定要进广大的话，可考虑旅游管理（中外合作办学）
35,0,广东物理类考生高考成绩562，排名56191，被贵校提前批教师专项录取机会大吗？本科一批师范类的呢？,物理类教师专项机会较大。本科批也有机会，两个批次一定都要填报。
36,0,老师您好！请问贵校的合作办学项目的中方毕业证书上有中外合作办学这样的字吗？该项目学生在广州大学本校区学习吗？谢谢！,我校证书是专业名称：旅游管理。第一年桂花岗校区，之后3年在大学城校区。
37,0,广东历史类排名一万二，想去汉语言文学（师范），或者汉语言文学，不知道哪个机会大一点，如果是汉语言文学，转专业转为汉语言文学（师范）会不会简单一点,可申请互转。两者录取机会都较大。可都选报
38,0,广东物理546分，有机会被录取吗,成绩偏低，只能冲了。一定要进广大的话，可考虑旅游管理（中外合作办学）
39,0,1、请问“服从调剂”是在本志愿的6个已选专业中调剂还是在志愿组的所有专业中调剂？2、请问双学位第几学期可以申请修读？3、双学位选择中是否包含师范类专业？例如：我想以工商管理的入学专业再修汉语言文学（师范）专业可以吗？4、请问转入专业今年有哪些师范类专业？5、请问文科类专业（历...[详细],在本组内其余未录满专业中调剂。是辅修第二专业、第二学位，入学后看教务处通知。每年教务处通知里有招生学院和专业。广州大学有六个学院的新生第一学年在桂花岗校区就读，第二学年至第四学年在大学城校区就读。除六个学院外，其他学院的新生在大学城校区报到就读。
40,0,您好，553分，排名17120，有机会报贵校的人文地理与城乡规划专业吗？如果我报了贵校的两个专业组，第一个专业组录不了还会检索第二个专业组吗？,成绩偏低，只能冲了。一定要进广大的话，可考虑旅游管理（中外合作办学）
41,0,请问贵校历史51539022有机会冲教师专项吗,机会较小，提前批次啊，多一次投档机会，报
42,0,请问贵校的英语专业和英语(师范)专业的主要区别是？历史类考生大致在全省多少名能稳进这两个专业呢？,就是师范生的培养区别，英语的分数都较高，可以冲。
43,0,你好，我是广东历史考生，分数550，排位18465，走教师专项的话上贵校的概率大么,大
44,0,您好，请问贵校今年有扩招吗？广东省历史类11000多名能稳进贵校的英语专业吗？谢谢解答,总体招生规模没变。1.1万排位有较大机会录取英语、英语（师范）专业
45,0,1:如果服从调剂，会被学校安排到中外合办的旅游管理专业吗2:中外合办的专业会要求学生一定出国吗3:教师专项今年会用文理划分录取吗,要填报中外合作的专业组才有机会录取。不一定要求出国教师专项按专业组进行录取http://zsjy.gzhu.edu.cn/info/1022/4212.htm
46,0,平行志愿，提档后会退档吗，山东填报志愿无服从调剂选项，是否承诺提档不退档？,1：1投档，不会退档。但要考生看清楚专业身体要求
47,0,广东考生484排名62826被贵校录取的概率大吗,可能性不大
48,0,老师您好！深圳历史409分排位132690，录取本校专科有希望吗？谢谢！,关于专科层次录取，请咨询我校二级学院广州大学纺织服装学院020-28046300、28046200、28046280。
49,0,贵校去年数学与应用数学师范类招生75人，最低排位32065，今年招生118人，请问该专业预计最低排位是多少？本人排位37741，是否一定冲得上？,有机会，建议其它专业要报上
50,0,今年招生不是纺织服类的专业吗,关于专科层次录取，请咨询我校二级学院广州大学纺织服装学院020-28046300、28046200、28046280。
51,0,老师你好！请问广东历史考生排名27657报考能上吗？谢谢,有较大机会
52,0,请问贵校的教师专项的志愿填报是第一次还是第二次，如果是第一次的话，我是不是也要把本科批次的填了。,第二时段，今晚开始填报，本科批次，专科批次，建议都要填报。
53,0,请问英语专业第一年跟二三四年就读院区是不是不一样?,广州大学有六个学院的新生第一学年在桂花岗校区就读，第二学年至第四学年在大学城校区就读。除六个学院外，其他学院的新生在大学城校区报到就读。这六个学院分别是经济与统计学院、法学院、人文学院、外国语学院、管理学院（旅游学院）和公共管理学院。具体专业请参考省招生专业目录中我校已...[详细]
54,0,请问本校有研究生读吗？,有硕士点和博士点
55,0,学校领导您好！我家孩子是广东梅州美术考生。美术联考240，文化历史类403，美术综合分521，排位3527。请问志愿填报到您们学校，可以录取吗？谢谢！,排位成绩录取机会较小，可以冲
56,0,请问英语专业有补贴的交流项目吗？,国（境）外交流，面向全校选拔的。有资助。
57,0,你好，贵校院校专业组提档后，专业录取的原则是怎样？是怎么安排专业录取的？,以我校夏季招生章程为准。
58,0,请问2021届新生如果报考贵校旅游管理学（中外合作办学）大一结束后可以转专业吗？,不可以
59,0,请问翻译被包含在英语专业里吗？我填报了英语的话以后是不是可以读翻译?另外需要面试吗？,请向外国语学院了解专业概况020-39366810
60,0,请问广东考生读物生地，总分586，排名34000，能被英语专业录取吗？对英语单科成绩有没有其他要求,成绩有较大把握，大胆填报。没单科要求。
61,0,历史总分562，排位13155，是否能报考贵校思想政治教育（师范）专业或汉语言文学专业（非师）？,有较大机会，可以冲。
62,0,老师您好！我想咨询下：倘若可以转专业，请问是在录取时所在的专业组内转还是历史类的所有专业内转？感谢老师！,首选历史类中的普通类专业
63,0,贵校的特殊教育专业仅录取有志愿考生吗？若是在专业组内报考其他专业（如汉语言文学）接受调剂后会被调剂到特殊教育吗？,不会，我校会调整部分该组机会，保证录取。
64,0,设计学类包括哪些专业，是怎样分流的？,设计学类（数字媒体艺术、产品设计、环境设计），大一开始分流。具体以美术学院安排为准。
65,0,广东美术考生519（刚踩去年最低录取分数线）排位3850左右，，有望冲一下贵校的美术学（师范）的吗？,机会不大，可以冲
66,0,湖北考生历史方向587分能被贵校录取吗,机会较小，可冲
67,0,你好，请我我高考分数579有机会进入贵校计算机专业吗？,4万左右排位，进广大把握很大，201组计算机类的要冲
68,0,如果不服从调剂的结果是什么,所有志愿都录不上只能退档，等征集志愿或滑落下一个投档批次（专科）
69,0,请问213组只有314专业思想政治教育服从调剂如果投档后没能录取该如何调剂？谢谢,1:1投档，被投出证明成绩达到，体检符合录取条件必定录取
70,0,"你好！我想请问贵校的英语专业是包含了商务英语这个专业吗？（在官方信息中只看到了英语专业）如果有的话，我首选物理，排位79026,分数542,可以报考贵校的这个专业吗？谢谢您的解答！",本科录取机会不大
71,0,你好，广东历史类考生，高考成绩549，有机会进入贵校吗？,成绩偏低，只能冲了。一定要进广大的话，可考虑旅游管理（中外合作办学）
72,0,广西考生，理科成绩526.排位24738.可以上贵校吗,机会很小
73,0,请问排位在29637能被贵校教师地方专项录取的概率有多大,要冲
74,0,老师你好！我今年高考527，排位31546，和贵校的教师专项计划控制分数线528差一分，可以报考贵校的教师专项计划吗？,该成绩只能冲
75,0,录取时是否有专业级差？,没有级差
76,0,你好，广东历史类考生，考分549，排位19045，报考贵校有机会被录取吗,数据偏低，只能冲了。一定要稳进广大的话，可考虑旅游管理（中外合作办学）
77,0,您好，我是湖北省物理类考生，590，省排名20160到20575，请问有望冲击贵校吗？,有机会，要选择冲才行。
78,0,广东考生，物理558，排位60191，外语学的是日语，报考贵校教师专项，如果有机会录取了，公共课能否申请日语代替英语，申请有没有什么条件，谢谢,可以申请
79,0,广东物理考生59000名能上贵校吗？,数据偏低，只能冲了，可冲化学、生物、地理等专业组。一定要稳进广大的话，可考虑旅游管理（中外合作办学）
80,0,1、贵校教师专项小学教育培养是否分语数英方向，还是全科培养？2、广东历史考生排位14800报考贵校教师专项希望大吗？谢谢！,全科培养。你的成绩有比较大的把握录取，可大胆选择填报。
81,0,老师，请问如果没有被录到物理学，想转入这个专业，转专业一年可以考核多少次，有什么具体条件,符合条件的学生可以申请转专业。根据《广州大学本科生转专业工作实施细则》规定，考核转专业遵循“转出无门槛、转入有条件”的原则，学生在第一学期至第四学期期间有一次申请考核转专业的资格。每学期学校统一公布各专业接受转专业的人数和条件，符合条件的学生提出申请并参加所申请学院组织...[详细]
82,0,广州大学对内蒙高水平运动队招生的院校代号和行政管理专业代号是什么,本科一批填报，请查阅内蒙古的招生专业目录相关代码。
83,0,贵校公共课可申请日语代替英语吗，谢谢,可以
84,0,甘肃文科534分，位次3450，能不能录取到你校？,分数优势不大，可以冲。
85,0,转专业需要什么条件？,    符合条件的学生可以申请转专业。根据《广州大学本科生转专业工作实施细则》规定，考核转专业遵循“转出无门槛、转入有条件”的原则，学生在第一学期至第四学期期间有一次申请考核转专业的资格。每学期学校统一公布各专业接受转专业的人数和条件，符合条件的学生提出申请并参加所申请学院组织...[详细]
86,0,你好，这个对高考英语分数有要求吗？现在高考还能报考这个吗？,以高考总分投档，没单考要求。旅游管理（中外合作办学）专业是国内高校性价比很高的中外合作办学专业。学费：中方6300元/年*4年，法方600欧元/年*3年（具体按广东省发改委颁布的金额标准，以及法国高等教育部的相关法令为指导）法语上课：前两年我校有聘外教上课，第三、四年法国昂热大学派老...[详细]
87,0,请问贵校的中外合作有哪些专业费用如何？广东物理考生排位139388能否被录取？,成绩有点偏低，可以冲。旅游管理（中外合作办学）专业是国内高校性价比很高的中外合作办学专业。学费：中方6300元/年*4年，法方600欧元/年*3年（具体按广东省发改委颁布的金额标准，以及法国高等教育部的相关法令为指导）法语上课：前两年我校有聘外教上课，第三、四年法国昂热大学派老师过来...[详细]
88,0,我广东文科532想报名中外合作办学的旅游管理可以吗？,可以，2.8万排位有机会。
89,0,请问广东考生今年571分，排位在47000左右，冲贵校的统计学专业希望大吗,可以大胆冲
90,0,你好，我是色弱，如果在一个专业组内报了符合体检要求的专业并且填写了服从调剂，但是未报考的专业中有要求不招收色盲色弱，那么请问我会被退档吗？,不会
91,0,历史，552可以冲贵校吗？,数据偏低，只能冲了。一定要进广大的话，可考虑旅游管理（中外合作办学）
92,0,贵校今年舞蹈编导招生原则为术科成绩与文化分成绩按比例相加形成综合分依次录取，海南省的原则为按术科成绩由高到低排名录取。贵校录取选择与海南省的有所不同，应该如何参考录取？,合成总分按海南投档分，录取按我校原则。
93,0,你好，我选科历化政，509排位43332，是否有机会被本校录取,数据偏低，只能冲了。一定要进广大的话，可考虑旅游管理（中外合作办学）
94,0,①您好，请问贵校投档线是这个专业组最低分还是这个专业最低分？②您好，我是广东一考生，分数566，排位52000，有地方专项，如果我想填报贵校221专业组（地方专项1组）的物理学，该专业组其他专业都不喜欢，然后该专业组我只填了物理学607这个专业（服从调剂），该专业计划10人，如果我刚好排...[详细],绝对要服从调剂！一旦进档某专业组，其余专业组志愿无效！！！5.2万可大胆填报多个专业组进行冲稳保。入学后还可以申请转专业。
95,0,你好！汉语言文学（师范）今年历史类招生计划增多51人，是不是报考的话会低一些分？广东历史类排位12605.麻烦您推荐一下，会计学、英语（师范，今年少了30个计划），汉语言文学（师范）这3个专业哪个机会大？麻烦用>帮我排一下，谢谢！很想报考贵校这几个专业。,你的成绩都可大胆填报
96,0,广东考生物理类总分558排位60191报考广州大学教师专项录取机会大吗,有较大机会。
97,0,广东考生物理类562排位56624，想报考贵校地理科学专业，请问背录取的机会大吗，是否建议报考。,建议进行冲的策略
98,0,广州大学今年对内蒙的高水平运动员是在本科一批吧,内蒙是本科一批
99,0,请问排名5.7万有多少机会被录取，谢谢,数据偏低，只能冲了。一定要进广大的话，可考虑旅游管理（中外合作办学）
100,0,请问这个分数上贵校机会大吗,该成绩有较大机会录取，可大胆填报我校。
101,0,请问535分，8万多的排名填教师专项被贵校录取的几率大吗？,有很大风险，机会还是有。数据偏低，只能冲了。一定要进广大的话，可考虑旅游管理（中外合作办学）
102,0,请问贵校是按照专业组最低分录取还是学校最低分录取？假如按照专业组最低分录取，假如我填了两个专业组的专业，是按照两个专业组中最低专业分调档？还是顺序志愿？有没有可能调了我的档案，但是我的分数不够我填的任何一个专业而调剂到其他专业组的其他专业，谢谢,按平行志愿投档规则录取。
103,0,老师您好，广东省物理考生569分，排名49661，报考贵校有希望吗？,该成绩有较大把握，可大胆填报。
104,0,我是广东考生，563分，排位55270，想报师范专业，能录取吗,数据偏低，只能冲了。化学、生物、地理等专业组可考虑。一定要稳进广大的话，可考虑旅游管理（中外合作办学）
105,0,广东省理科考生，排名36791，选科物化政，想报考贵校本科批师范类。请问贵校是否支持双学位？转专业的具体条件和限制是什么？师范类专业是仅允许在同一专业组内转专业（比如从物理学师范转至物理学），还是仅允许在师范类专业转专业（譬如从物理学师范转至思想政治师范），还是说所有专业呢？...[详细],符合条件的学生可以申请转专业。根据《广州大学本科生转专业工作实施细则》规定，考核转专业遵循“转出无门槛、转入有条件”的原则，学生在第一学期至第四学期期间有一次申请考核转专业的资格。每学期学校统一公布各专业接受转专业的人数和条件，符合条件的学生提出申请并参加所申请学院组织...[详细]
106,0,可以修双学位吗,可辅修第二学位
107,0,如果前面填的冲的学校，刚好有一个符合招生条件，档案被投进去了，但是这个学校我所选的专业又比我的分数高(已经勾了专业调剂，该专业组内的专业都不能把我录进去）那是不是就录不到我，我就要滑档了,平行志愿1：1投档。只要档案投到我校，服从调剂，符合专业录取条件，概不退档。
108,0,甘肃文科考生位次3458，可以被你校录取吗？,请报一下分数。
109,0,你好，可以要一下贵校近两年来音乐类专业的录取数据吗？,http://zsjy.gzhu.edu.cn/lqsj.htm
110,0,请问物理类考生排位75830有机会被贵校教师专向至博罗录取吗,有机会，数据偏低，只能冲了。一定要进广大的话，可考虑旅游管理（中外合作办学）
111,0,"老师，教师专项计划与高校专项计划有区别吗？广东历史类分数540，排名23955,报教师专项计划机会有多大？",我们不知道什么高校专项计划，教师专项你的分数比较有把握。
112,0,你好，我的音乐表演钢琴省排名是999，音乐学排名1065，可以被录取音乐学（器乐）或音乐学（师范）嘛？或者概率大嘛，谢谢,几率较小
113,0,旅游管理中外合作办学学费多少？那种培养模式,公办普通类专业。旅游管理（中外合作办学）专业是国内高校性价比很高的中外合作办学专业。学费：中方6300元/年*4年，法方600欧元/年*3年（具体按广东省发改委颁布的金额标准，以及法国高等教育部的相关法令为指导）法语上课：前两年我校有聘外教上课，第三、四年法国昂热大学派老师过来我校给...[详细]
114,0,裸眼视力左眼4.8右眼4.2（右眼无法矫正）是否能报生物科学（师范），会被录取吗，或者会是退档处理,可以
115,0,你好，我排位78530（物理考生），能否报贵校定向师范,数据偏低，只能冲了。一定要稳进广大的话，可考虑旅游管理（中外合作办学）
116,0,老师，您好！第一志愿为广州大学某志愿组、不服从调剂且未被录取，第二志愿为广州大学另一志愿组作保底是否能投档,不服从调剂且未被录取，就危险了。因为一旦投档到某专业组，其余本批次专业组志愿无效。被退档就进入征集志愿。所以，服从调剂。
117,0,本科批里面有学前教育吗，大概多少分数能上呢。我546排名20802,排位偏低，机会不大。
118,0,我排位78530（物理考生），能否报贵校定向师范,数据偏低，只能冲了。一定要稳进广大的话，可考虑旅游管理（中外合作办学）
119,0,根据招生章程第四章第十五条，服从调剂一旦被录取有可能被退档吗？,只要档案投到我校，服从调剂，符合专业录取条件，概不退档。
120,0,甘肃理科报贵校（省排17932）可以吗？,比较悬，可以冲。
121,0,我广东物理组519，排位107000左右，想报考旅游管理中外合作办学可以录取吗,数据偏低，只能冲了。
122,0,‘学校本科招生预留不超过本科招生计划总数的1%，用于生源质量调控及解决考生专业服从调剂而需要增加计划等问题。’是什么意思？可以举例吗？,投档按1：1，预留的计划用于调整各专业组计划，保证投档后能尽量录取。
123,0,广东考试生556，排位63326，物理类，有多大几率上贵校,可以冲化学、地理、生物等所在的专业组，或者考虑报考中外合作办学专业。
124,0,老师好，我是音乐生，音乐学省排名776，录取到贵校音乐学（师范）专业几率大吗？我音乐表演（声乐）省排名690，这个录取到贵校音乐学（声乐）的几率大吗？,比较紧张。去年我校录取最低排位在全省500以内，可以冲。
125,0,音乐生按综合分算法534.9被音乐舞蹈学院录取希望大吗？,可参考往年数据2020年各省艺术体育类统考分专业录取分数统计http://zsjy.gzhu.edu.cn/info/1014/3775.htm
126,0,广东纯理排名三万六能上贵校吗？,该排名有较大优势，可大胆填报我校首先物理各专业组。
127,0,老师您好！请问成绩543分，排位77360，有地方专项，被贵校录取的机会大吗？,地方专项比较悬，可以考虑中外合作办学
128,0,山东考生可以考本校专科吗，如果可以，需要多少分,专科层次的，请咨询我校纺织服装学院020-28046200
129,0,选考历史，总分580，排名3927，能被贵校录取吗？,你的成绩有较大优势，可大胆报考我校。
130,0,广东历史类总分564.省排12605.报汉语音文学（师范）机会大吗？,有点紧张，可以大胆冲
131,0,我是位美术生，想了解一下广州大学美术各个专业去年的分数线，因为我是刚踩线过广大,2020年各省艺术体育类统考分专业录取分数统计http://zsjy.gzhu.edu.cn/info/1014/3775.htm
132,0,老师，请问去年在湖南招收的舞蹈类考生综合排名是多少？或者专业和文化的分数线,2020年各省艺术体育类统考分专业录取分数统计http://zsjy.gzhu.edu.cn/info/1014/3775.htm
133,0,艺术生服装设计有选科要求吗,没有
134,0,您好！我想报贵校两个不同院校专业组，如第一个院校专业组没有空额调剂退档了，那第二个院校专业组也不能录取了吧？即使是同一所学校也不能录吧？,投档只能投出一次，其余专业组无效。只要档案投到我校，服从调剂，符合专业录取条件，概不退档。
135,0,"老师，广东考生历史类540分，排名23955,有机会被贵校英语（师范）专业录取吗？",进普通类专业机会较小，可以冲。比较稳的话，建议可报旅游管理（中外合作办学）
136,0,您好！历史科广东排位12605.总分564.报会计学或英语师范希望大吗？,机会较大。
137,0,贵校可以用日语等级考试来代替英语46级吗？,如就读日语专业，可申请。
138,0,老师，您好！广东省2021年理科排位七万五，有多大机会被广州大学录取呢？,进普通类专业机会较小，可以冲。比较稳的话，建议可报旅游管理（中外合作办学）
139,0,老师，您好！请问如果第一志愿为广州大学某志愿组，其仍有剩余招生位置，但分数未达到该校的提档线，是否会做退档处理？,只要档案投到我校，服从调剂，符合专业录取条件，概不退档。
140,0,您好，广东考生541分，排名80606有机会被贵校录取吗,进普通类专业机会较小，可以冲。比较稳的话，建议可报旅游管理（中外合作办学）
141,0,557报地方专项会不会很险，为什么填报志愿的两本书所讲的专业不一样，填报指南较多，专业目录较少，哪里才是正确的,填报志愿以招生专业目录这几本书为准
142,0,联考时没发挥好，专业分离本科差几分，但总分超了，是考虑总分优先还是本科线优先,我校招收本科，以总分择优录取。
143,0,我在内蒙招生计划中没有看到文科里有广州大学,内蒙仅有理科计划
144,0,文科类，排位16223，分数555，想报读贵校英语师范类，可以吗？如果不行，有类似专业推荐吗,进普通类专业机会较小，可以冲。比较稳的话，建议可报旅游管理（中外合作办学）
145,0,请问能被录取吗,该分数可大胆填报广州大学。
146,0,历史类分数555，想报读英语师范，是否可以，有什么专业意见？,进普通类专业机会较小，可以冲。比较稳的话，建议可报旅游管理（中外合作办学）
147,0,贵校合作办学的毕业证书有中外合作字样吗？专业有哪些？甘肃省理科位次17932有机会吗？,我校中外合作办学没有甘肃省的招生计划。
148,0,老师您好，2021年海南高考历史＋生物＋地理561，排位16684有可能被贵校录取吗？[回复],机会不大。
149,0,老师您好，2021年海南高考历史＋生物＋地理561，排位16684有可能被贵校录取吗？,机会不大
150,0,为什么去年广州大学的旅游管理专业最低录取档次是十二万名,那是旅游管理（中外合作办学）专业的数据。
151,0,老师，您好。广东历史考生分数549排名18938有机会被贵校录取吗？,进普通类专业机会较小，可以冲。比较稳的话，建议可报旅游管理（中外合作办学）
152,0,老师，广东美术生，术科225，综合分531，排2317名，有希望被美术学录取吗？,有较大机会。可报。
153,0,请问298可以报贵校专科吗？,不行。
154,0,甘肃理工482分，排名19100能报贵校吗,比较悬，可以冲。
155,0,高考成绩545，广东省排位21304，想考贵校的英语专业，录取机会大吗,进普通类专业机会较小，可以冲。比较稳的话，建议可报旅游管理（中外合作办学）
156,0,我想问一下2021本科投档比例是多少,平行志愿1:1投档
157,0,老师你好！我是广东省的考生，今年高考成绩是553，排位是66662名，可以尝试报考广大吗？,进普通类专业机会较小，可以冲。比较稳的话，建议可报旅游管理（中外合作办学）
158,0,请问湖南文科考生，535排名16076被录取的机会大吗，可选什么专业，,比较悬，可以冲。
159,0,您好播音与主持（普语）按照招生网总算综合分为561.05有机会被录取到吗,我校新闻学院的招生老师会打电话了解你的文化分等情况，请留意。
160,0,请问排位在107302，能被该校地方教师专项录取的概率大吗,机会不大
161,0,广东省历史类排名16659选择广州大学英语有希望吗?,进普通类专业机会较小，可以冲。比较稳的话，建议可报旅游管理（中外合作办学）
162,0,请问报考地方专项有特定专业限制的吗？是什么？需要怎么报考？,我校地方专项计划在本科批次填报。地方专项是指广东省重点高校招收农村和贫困地区学生。有资格参加这专项招生的实施区域是我省原中央苏区、欠发达革命老区、少数民族自治县、原扶贫开发重点县等30个县（市、区）。这些区域的考生在高考前已经报名并广东省审核资格才能填报专项计划。专项计划...[详细]
163,0,普通考试招生，排名65555，可以进广大吗,进普通类专业机会较小，可以冲。比较稳的话，建议可报旅游管理（中外合作办学）
164,0,河南考生专业226文化392有机会报考贵校吗,我校没有河南省美术类的招生计划
165,0,录取排名,请正确提问
166,0,广东考生历史方向排名17507，有地方专项，报考汉语言文学会被调剂吗,如有地方专项报考资格，上省线可大胆填报。
167,0,广东省物理类考生排名需要多少可以冲贵校？该校今年是否有大数据类专业？,有数据科学与大数据技术专业招生，排位4万以内可大胆填报。
168,0,广东物理考生，537分，排名85120，对专业没有要求，进贵校可有机会,进普通类专业机会较小，可以冲。比较稳的话，建议可报旅游管理（中外合作办学）
169,0,请问广东省物理考生，分数544，排名76074，有希望报考贵校吗？,进普通类专业机会较小，可以冲。比较稳的话，建议可报旅游管理（中外合作办学）
170,0,我是美术生，我在广东排名刚好3000，我怕今年会不会变动很大，进不去广大,有机会，可以冲。
171,0,老师您好，本人广东历史考生543分，排位22003，有机会被贵校录取吗？录取几率大吗？感谢！,进普通类专业机会较小，可以冲。比较稳的话，建议可报旅游管理（中外合作办学）
172,0,志愿填报辅助系统有数学、物理、化学、生物科学的本科师范，官网没有往年录取数据，请问贵校今年招收这些专业的本科师范吗？，具体的招生人数有要求吗？选科物化政，可以报考这些专业吗？,一直都有这些师范专业招生。详见我校简章http://zsjy.gzhu.edu.cn/info/1022/4210.htm
173,0,现在还可以报名吗，对分数和考生有什么要求吗?,可以报啊，28号晚开始填报。高考资讯｜广州大学2021年本科公费定向师范生（教师专项）招生公告https://mp.weixin.qq.com/s/Jx8EgNf0TeIocfLVtM4V2Q
174,0,对专业没有要求，537分，排名85120，有被贵校录取的机会吗？,进普通类专业机会较小，可以冲。比较稳的话，建议可报旅游管理（中外合作办学）
175,0,广州文科历史生，531分，排位29120，有机会入贵校法学系吗？,进普通类专业机会较小，可以冲。比较稳的话，建议可报旅游管理（中外合作办学）
176,0,广东理科生，85947名，可以报读贵校吗？什么专业组机率大？,进普通类专业机会较小，可以冲。比较稳的话，建议可报旅游管理（中外合作办学）
177,0,你好，我是广东音乐生，专业+文化513可以被贵校音乐学录取？,请参考简章，往年排位http://zsjy.gzhu.edu.cn/info/1022/4210.htm
178,0,2021年广东考生，物理＋生物＋地理总分555省排位63811能被贵校录取吗？,进普通类专业机会较小，可以冲。比较稳的话，建议可报旅游管理（中外合作办学）
179,0,请问重庆物理类考生571分可以报考贵校计算机专业吗？,可参考去年我校在重庆最低录取分在当年本科线上141分以上。
180,0,物理，生物，地理总分555省排位63811能被贵校录取吗？,进普通类专业机会较小，可以冲。比较稳的话，建议可报旅游管理（中外合作办学）
181,0,广东理工486分，排名153691能报贵校吗,专科可能有希望。请咨询广州大学纺织服装学院020-28046200
182,0,广东文科考生509分43302名有机会被贵校录取英语师范专业吗？,机会不大
183,0,物理568有什么专业可以地方专项有什么附加条件吗.需要被调配工作吗,广东首选物理在5万排位以内的可以大胆填报我校专业。我校地方专项计划在本科批次填报。地方专项是指广东省重点高校招收农村和贫困地区学生。有资格参加这专项招生的实施区域是我省原中央苏区、欠发达革命老区、少数民族自治县、原扶贫开发重点县等30个县（市、区）。这些区域的考生在高考前已...[详细]
184,0,请问云南文科545分，位次18546，地方专项审核通过，能报考贵校嘛？,云南考生只能报考云南本省的地方专项。
185,0,请问历史类217887能否有机会报专科商务英语？,专科层次请咨询广州大学纺织服装学院020-28046200
186,0,云南文科545能报考贵校嘛？,我校在云南录取是在一本线上。
187,0,河南美术198文化课298可以报贵校考专科吗,专科层次可咨询广州大学纺织服装学院020-28046200、28046300
188,0,老师您好，2021年广东高考历史＋生物＋地理559，排位14553有可能被贵校地理信息科学专业录取吗？,有机会，可以冲。
189,0,我是内蒙文科考生，是今年广大的高水平运动员，广州大学在对内蒙高水平运动队进行招生时放到了哪一个批次？,内蒙是本科一批
190,0,内蒙考生（高水平运动员）报考广州大学应该在什么批次（已经通过测试）,内蒙是本科一批
191,0,高水平运动队报考广州大学应该在什么批次。,内蒙是本科一批
192,0,广东考生，分数559，排名14366。选科历史化学地理。体检单色可识别但色弱。不知有没有可能被贵校的历史学专业或者汉语言文学专业录取？,可以冲。
193,0,广东考生历史类547排位20122可以吗,参考我校去年文科类最低录取排位1.5万左右。
194,0,音乐专业生术科255，文化分381，按该校综合分算法等于534.9，请问有机会被音乐学（声乐）录取吗？,参考我校去年最低录取总分为495分。
195,0,综合分排名5135有机会吗,全省排位3千，有机会冲广大。
196,0,贵校今年建筑系565省排53000有机会吗,有机会，可以冲。
197,0,上海考生文化369、编导194、综合397.9，有希望吗？,参考去年广州大学录取最低分是470.
198,0,你好，请问广东省考生术科221，文化431，折合起来504能进贵校吗？最低录取多少,排位多少？如果排位在全省3千，有机会进广大。
199,0,广东文科高考成绩521，排名35000，服从调剂有机会被录取吗？,首选历史排位3.5万，恐怕要选报其它院校了。
200,0,老师您好贵校招收云南广播电视编导考生吗？,今年我校没有在云南招收广编的计划。
201,0,你好！请问2021年广东新高考历史考生总分553全省排名17187可以上贵校哪些专业？被退档的概率会有多大？,参考我校往年的录取排位，1.7万估计机会不大，但可以冲。
202,0,求,考生你好！给一个数据你参考。广大去年在安徽理科最低录取分是在安徽一本线上73分。
203,0,投档到贵校后会不会因为分数低而退档？,平行志愿投档的专业，只要体检合格，服从专业调剂，投档后不退档
204,0,请问贵校哪些专业有色弱限制,2021年我校在上海只有广播电视编导专业招生计划，没有色觉限制，其他专业的色觉限制以教育部发布的体检指导意见为准，可参考我校本科招生网上的招生简章介绍（http://zsjy.gzhu.edu.cn）
205,0,转科录取分数线是多少呢,这里咨询的是广州大学本科招生。
206,0,如录取了不太喜欢的转专业，以后还有转专业的机会吗？,有的。请查看我校招生简章相关热点问答http://zsjy.gzhu.edu.cn/info/1022/4210.htm
207,0,体检时医生说我是红绿色弱，但电子版体检报告写红色和绿色误识，是指单色识别不全吗？还能报考贵校计算机专业吗,你这种情况应该属于单色识别不全者，以体检报告结论为准。我校计算机类专业身体要求如下：计算机科学与技术、网络工程、人工智能专业，要求不招单色识别不全者；软件工程、网络空间安全专业无限制。
208,0,请问贵校的中外合作办学旅游管理是以什么模式教学的，学费多少？,旅游管理（中外合作办学）专业是国内高校性价比很高的中外合作办学专业。学费：中方6300元/年*4年，法方600欧元/年*3年（具体按广东省发改委颁布的金额标准，以及法国高等教育部的相关法令为指导）法语上课：前两年我校有聘外教上课，第三、四年法国昂热大学派老师过来我校给学生上专业课。去...[详细]
209,0,今年机器人工程扩招吗？,机器人工程专业招生总计划数仍然是80人。
210,0,院校专业组有哪些,请问考生是在广东省参加高考是吗？如果是广东考生，请浏览我校2021年院校专业组介绍http://zsjy.gzhu.edu.cn/info/1011/4095.htm以及我校广东招生计划http://zsjy.gzhu.edu.cn/info/1022/4210.htm
211,0,提前批（师范类）、教师专项、地方专项是三个不同类别，能分别说明一下吗,广州大学2020年本科招生计划表http://zsjy.gzhu.edu.cn/info/1022/3657.htm
212,0,汉语言文学师范专业与汉语言文学专业有区别吗？如果有可以从非师范转到师范吗？,汉语言文学（师范）在提前批次，汉语言文学在本科批次填报
213,0,您好，广东文科考生1W5被贵校录取几率大吗？可选专业多吗？,你好，请参考往年录取数据http://zsjy.gzhu.edu.cn/lqsj.htm。往年数据仅供参考。
214,0,网络与新媒体属于新闻学吗,网络与新媒体专业在新闻与传播学院
215,0,我右耳听力有问题可以报网络与新媒体吗？就业受限制吗？看书说新闻系要求听力不好别报,普通高等学校招生体检工作指导意见 https://gaokao.chsi.com.cn/gkxx/zcdh/200702/20070228/754576.html专业对于体检的要求请以广东省考试院公布的招生专业目录为准
216,0,因为也看了贵校近年的最低排位，我还想问一下我今年正常批次有希望被贵校录取吗，老师建议我填报吗？,你好，请参考往年录取数据http://zsjy.gzhu.edu.cn/lqsj.htm。往年数据仅供参考。
217,0,如果既选择了贵校的地方专项计划专业，又选择了非地方专项计划的专业，那么院校代码应该填哪个，是写地方专项计划的院校代码吗,我校2019年广东省录取批次为本科提前批非军检院校和本科批次，招生院校代码为11078，提前批教师专项招生院校代码为21078，广东农村地方专项计划招生院校代码为31078。2020年我校的招生批次及代码以2020年广东省招生办公布的招生专业目录为准，填报志愿期间请登录我校本科招生网站查询。
218,0,您好，老师，师范专项专业，是不是只招收农村学生，深圳学生可以上吗？？,提前批（师范类）、教师专项、地方专项是三个不同类别
219,0,您好，我是一名渴望进入贵校的编导生，现有去年参考数据，但不太清楚去年参考数据最低排位是否为双过线排位还是原始排位呢？本人双过线排位为477，能否有机会进入贵校学习呢？贵校为本人第一志愿！,你好，请参考往年录取数据http://zsjy.gzhu.edu.cn/lqsj.htm。往年数据仅供参考。
220,0,参与了地方专项计划，还可以转专业吗,可以申请
221,0,请问广州大学招生目录中的中外合作办学文科招生的旅游管理专业，这个中外合作办学后面是去法国留学吗？那去到法国留学每年的学费是多少？,广州大学旅游管理中外合作办学项目是广州大学与法国昂热大学合办的中外合作办学项目。项目学生入学后，即获得广州大学学士阶段学籍，学制4年。学生须按照广东省发展改革委员会颁布的金额标准，每年向广州大学缴纳学费。2020年金额标准为6300元/年。此外，学生还须向广州大学缴纳住宿费。中方...[详细]
222,0,"你好，我是广东考生，理科538分，排名66265，,如果选择地方专项招生但不服从调剂，有希望被本校录取吗",你好，请参考往年录取数据http://zsjy.gzhu.edu.cn/lqsj.htm。往年数据仅供参考。
223,0,请问贵校的专业有级差吗,没有
224,0,老师，您好。河北文科4900名，592分。如果服从调剂，录取贵校几率大吗？,你好，请参考往年录取数据http://zsjy.gzhu.edu.cn/lqsj.htm。往年数据仅供参考。
225,0,广东考生，文科465分，排位7万左右，服从调剂，录取机会大吗？,你好，请参考往年录取数据http://zsjy.gzhu.edu.cn/lqsj.htm。往年数据仅供参考。
226,0,如果能被录取能不能选到一些好专业呢？能不能不被调剂呢?,你好，请参考往年录取数据http://zsjy.gzhu.edu.cn/lqsj.htm。往年数据仅供参考。
227,0,我是有广州大学粤播合格证，专业成绩232.5文化分444，能被录取？,你好，请参考往年录取数据http://zsjy.gzhu.edu.cn/lqsj.htm。往年数据仅供参考。
228,0,http://eea.gd.gov.cn/ptgk/content/post_3051031.html照这个看的话比高优线稍微低一些但是过了本科线也有机会录取到提前批是吗？谢谢,大胆冲一冲
229,0,贵校往届中外合作办学录取情况,你好，请参考往年录取数据http://zsjy.gzhu.edu.cn/lqsj.htm。往年数据仅供参考。
230,0,老师你好；若我报的专业未被录取；服从专业调剂；是否会被调到在我们省没有招生的专业,不会
231,0,您好，我是广东考生，想报考贵校广播电视编导专业，合成总分522，省排位218，录取机会大吗？,你好，请参考往年录取数据http://zsjy.gzhu.edu.cn/lqsj.htm。往年数据仅供参考。
232,0,你好，请问贵校的提前批录取在一本线上报考的所有考生都已录取的情况下，仍有空缺名额，会考虑一本线下一点的学生还是直接进入征集志愿再次投档？谢谢,广东省已合并本科批次，具体请以省考试院发布的通知为准http://eea.gd.gov.cn/ptgk/content/post_3051031.html
233,0,您好，我是一名河南理科考生，分数611，排名34000左右，请问今年报名贵校录取概率如何？,你好，请参考往年录取数据http://zsjy.gzhu.edu.cn/lqsj.htm。往年数据仅供参考。
234,0,请问普播校考排名72文化431录取机会大吗,你好，请参考往年录取数据http://zsjy.gzhu.edu.cn/lqsj.htm。往年数据仅供参考。
235,0,请问老师，理科602分，本省8967名。能进贵校吗？能进什么专业？,你好，请参考往年录取数据http://zsjy.gzhu.edu.cn/lqsj.htm。往年数据仅供参考。
236,0,您好，本人使今年高考分数466分，不知能否来贵校就读，请问贵校的教师专项批次控制线是多少呢，我在各大网站查询并没有确切的答案。,你好，请以省考试院发布的通知为准http://eea.gd.gov.cn/ptgk/content/post_3051031.html往年录取数据http://zsjy.gzhu.edu.cn/lqsj.htm，仅供参考。
237,0,您好，在招生报考指南上看到了贵校属于广州大学城十校联盟的一员，想问问现在还有这个制度吗？是否可以跨校辅修专业？有什么条件限制吗？,可以参加大学城互选课程的学习，成绩认可。
238,0,您好，在招生报考指南上看到了贵校属于广州大学城十校联盟的一员，想问问现在还有这个制度吗？是否可以跨校辅修专业？有什么条件限制吗？,可以参加大学城互选课程的学习，成绩认可。
239,0,请问贵校去年教师专项的录取最低排位是多少,去年教师专项最低排位，文科540左右，排位23000+，理科500左右，排位60000+
240,0,老师好，贵校在江苏省的提档比例是多少？,平行志愿投档比例为1:1
241,0,山东专科391，排名366788能上吗？和本科在一个校区吗,你好，请参考往年录取数据http://zsjy.gzhu.edu.cn/lqsj.htm。往年数据仅供参考。
242,0,本人目前排位51175，能否可以冲一冲贵校(广东理科考生),你好，请参考往年录取数据http://zsjy.gzhu.edu.cn/lqsj.htm。往年数据仅供参考。
243,0,贵校今年招生是否有专业极差,分数优先，遵循志愿
244,0,排名四万如果第一志愿滑档第二志愿报广州大学录取的可能大吗？,你好，请参考往年录取数据http://zsjy.gzhu.edu.cn/lqsj.htm。往年数据仅供参考。
245,0,贵校的建筑学是重点培养专业吗？录取大概需要多少排名？那个没有美术基础的可以报吗？,你好，请参考往年录取数据http://zsjy.gzhu.edu.cn/lqsj.htm。往年数据仅供参考。建筑学不用加考美术，不用加考快题。建议有条件的在入学前参加美术兴趣培训，但即使没有参加校外培训也不用担心，学院会在大一大二开设专业美术课，由专业美术老师教导作画。
246,0,老师：您好！今年高考理科成绩刚好压高优投档分数线，冲刺贵校，调剂，有机会吗？,你好，我校2019年广东省本科批文科、理科专业录取最低分和排位：文科554/15769；理科517/53478。往年数据仅供参考。只要出档，符合录取条件，服从调剂，概不退档。
247,0,安徽省理科考生573分，报考贵校有没有希望，专业服从调剂,你好，请参考往年录取数据http://zsjy.gzhu.edu.cn/lqsj.htm。往年数据仅供参考。
248,0,贵校录取是分数优先遵循志愿还是志愿优先？,分数优先遵循志愿
249,0,老师好，贵校在江苏省只招3个专业，如果专业志愿都不满足条件，还能调剂吗？是不是容易退档呀？,只要出档，符合录取条件，服从调剂，概不退档。
250,0,请问桂花岗校区的宿舍条件怎么样呢？,我校本科生宿舍大学城校区是6人间或8人间，桂花岗校区有7-10人间。
251,0,老师好：江苏，女，理科，376，位次25355，能被录取吗？,你好，请参考往年录取数据http://zsjy.gzhu.edu.cn/lqsj.htm。往年数据仅供参考。
252,0,你好，我想问一下，文科生530多分/差一点上高优线，想去该校教师专项，几率会大吗？且我在广州大学的文科类专业中没有看见「小学教育」这个专业，这个专业是不是独立于其他普通本科生的专业的?如果我第一志愿就填写了该校的教师专项，会不会出现退档的情况「比如说参与该校教师专项的人比较多...[详细],专业招生计划请参考《广州大学2020年本科招生简章》-广州大学本科招生网 http://zsjy.gzhu.edu.cn/info/1022/3694.htm教师专项是定向就业计划，上了教师专项批次控制线就可以填报，通常出档线会比普通的提前批稍低，专业分配按“志愿优先”原则
253,0,老师您好，我是广东文科2w，不知道将贵校作为第一志愿被录取的可能性大不大,你好，请参考往年录取数据http://zsjy.gzhu.edu.cn/lqsj.htm。往年数据仅供参考。
254,0,老师，您好！广西文科的服从调剂会被调剂至理科吗？,不会
255,0,老师你好:请问山东考生选科物政史，位次37168，报考贵校希望大吗？,你好，请参考往年录取数据http://zsjy.gzhu.edu.cn/lqsj.htm。往年数据仅供参考。
256,0,我是河北考生，文科594，河北排名4619，有希望被贵校录取吗,你好，请参考往年录取数据http://zsjy.gzhu.edu.cn/lqsj.htm。往年数据仅供参考。
257,0,您好，请问广州大学在广东招生的调档比例是1：1吗?,平行志愿投档比例1:1
258,0,特殊教育专业指的是什么？、,请查看网站专业介绍http://zsjy.gzhu.edu.cn/info/1015/3545.htm
259,0,我是清远学生，地方专项计划是不是要在什么平台上申请，公示过才能报的，我之前没有申请过，现在报名可以吗？文科532有机会吗？,公示通过的考生才能报。广东省2020年重点高校招收农村和贫困地区学生资格审核通过考生名单公示  广东省教育考试院http://eea.gd.gov.cn/ptgk/content/post_3027984.html
260,0,教师专项是不是区别于地方专项计划？且教师专项的师范生是不是高考前就要提前报名的？教师专项师范生是不是专业自选？,只要是广东考生就可以报教师专项，毕业后定向服务6年，专业只有小学教育，定向服务地区有3个可选择，详见招生专业目录相应批次
261,0,提前批的地方专项和提前批的其他教师专项能一起报吗，会互相影响吗,不影响，按考试院的批次顺序进行投档
262,0,你好，请问贵校今年有招专科生吗？,专科请咨询020-28046300
263,0,今年贵校有扩招吗,没有
264,0,老师您好，我想咨询以下问题：1、我是广州理科考生，高考分数517，排名87541，是否可能报考贵校院校代码为77845的中外办学专业？2、中外办学的学历证书和学位证书上是否有“合作办学”等字样（是否和国内文凭完全一致）？3、联合办学的外校方是否颁发学历证书和学位证书两份证书？,你好！你好，我校2019年广东省本科批文科、理科专业录取最低分和排位：文科554/15769；理科517/53478。往年数据仅供参考。
265,0,请问贵校应用心理学专业不招色弱色盲吗？,你好，请以我省考试院公布的招生专业目录为准。
266,0,去年最低地方专项计划录取分数线是509，那么我通过地方专项计划(我们这里是加30分）那么我是按539选专业，还是509被最低分的专业录取呢,地方专项录取最低分数线请以今年省考试院公布的最低录取分数线为准http://eea.gd.gov.cn/ptgk/content/post_3051031.html文科类、理科类专业分档时，根据各省（区、市）投档规则出档后，实行“分数优先”的录取原则，根据考生投档总分排位情况从高到低排序录取。先安排排位高的考生的第一专业...[详细]
267,0,贵校可以入学后可以转师范专业吗，需要什么条件?,我校学生在校期间有四次申请转专业的机会：“转出无门槛，转入有要求”，符合条件的学生都可以向学校教务处申请转专业，通过转入学院的考核即可转入，给予在校学生更多选择专业的机会。但体育、艺术类专业不能跟普通类专业互转，广东教师专项、旅游管理（中法合作项目）也是不能转专业。
268,0,老师你好，河南省理科，分数617，位次29485，有机会被贵校录取吗？,有机会，大胆冲，去年线差70分左右
269,0,如果地方专项录取了，还能转专业吗,除了教师专项和中外合作办学项目不能转，其他都可以申请转专业
270,0,"您好，广东考生理科531，排名73040，请问能被贵校录取吗？服从专业调剂,谢谢！",机会不大
271,0,请问老师，报定向师范要不要提前申请吗？我现在还可以报名吗？,直接填报志愿即可
272,0,请问提前批录取数和上线数为什么不一样？提前批的投档分是什么？如果理科提前批填了服从调剂大概率会被调剂到什么专业？,主要区别是投档时间不一样，提前批是师范专业，出档线要出档时才会产生，提前批调剂专业也在提前批目录里
273,0,咨询贵校是与往年相比是否扩招,没有扩招
274,0,想要报读贵校的教师专项，可是专业的六个代码怎么填呢,志愿优先，按您的意愿填报，请看招生专业目录的备注，定向地区不一样
275,0,如果被调剂，入学后转专业有名额限制吗？转专业的具体规定？,名额具体要视学院办学情况开放，转出无门槛，转入要考试，有的专业对上学期成绩有要求
276,0,贵校有没有在重庆设置提前批计划，是师范类吗,我校提前批只在广东省内招生
277,0,请问贵校的汉语言文学师范类只能在提前批中报名吗？在本科批中可报汉语言文学师范类吗？,我校的汉语言文学（师范）在提前批次，本科批中的汉语言文学并非师范类
278,0,请问在贵校填报提前批时选择服从调剂，那会把一个理科生调剂到历史学吗？,不会
279,0,你好，我是广东文科生，排位13788，进广大的机率有多大，算是冲还是稳？,你好，我校2019年广东省本科批文科、理科专业录取最低分和排位：文科554/15769；理科517/53478。往年数据仅供参考。
280,0,您好！请问色盲服从调剂会避开不招收色盲的专业吗？若服从调剂时不招收色盲的专业已没有空位，会被退档吗？答,只要出档，符合录取条件，服从调剂，概不退档。
281,0,或者什么专业比较容易被录取,你好，我校2019年广东省本科批文科、理科专业录取最低分和排位：文科554/15769；理科517/53478。往年数据仅供参考。
282,0,老师你好，贵校的地方专项分数线是今年的吗,最低分数线请以省考试院公布的广东省2020年普通高校招生录取最低分数线的通知为准http://eea.gd.gov.cn/ptgk/content/post_3051031.html关于地方专项可参考去年我校的录取数据http://zsjy.gzhu.edu.cn/lqsj.htm
283,0,除了教师专项，其他需要什么条件才能报考？,请查看考试院关于分数线的相关规定http://eea.gd.gov.cn/ptgk/content/post_3051031.html
284,0,请问这个最低报名分数线是本科线?毕业分配还是自由就业?,请查阅我省关于各类报考分数线的规定http://eea.gd.gov.cn/ptgk/content/post_3051031.html农村专项毕业后不设定向就业。
285,0,老师你好！我是广东理科生，558分/省排位47738，入读贵校机会大吗？,你好，2019年广东省本科批文科、理科专业录取最低分和排位：文科554/15769；理科517/53478。往年数据仅供参考。
286,0,请问英语专业是师范吗？,英语专业有师范类和非师范类招生。具体请查阅广州大学2020年本科招生计划表http://zsjy.gzhu.edu.cn/info/1022/3657.htm
287,0,贵校需要双过线才能报考吗,专业录取依据生源省（区、市）艺术类的投档原则进行，对文化分、术科分均上线的考生根据综合排位分，按照“分数优先、遵循志愿”原则进行专业录取。对生源省（区、直市）有本专业类别统考而未取得统考合格证的考生不予录取。
288,0,三个小学教育定向教师专项都找不到代码,都有代码，请以省考试院公布的招生专业目录为准。我校提前批教师专项院校代码为21078
289,0,湖南舞蹈生专业成绩没有达到湖南省最低控制线，文化超出一百多分，有机会报考贵校吗,专业录取依据生源省（区、市）艺术类的投档原则进行，对文化分、术科分均上线的考生根据综合排位分，按照“分数优先、遵循志愿”原则进行专业录取。对生源省（区、直市）有本专业类别统考而未取得统考合格证的考生不予录取。具体请查看我校2020招生章程http://zsjy.gzhu.edu.cn/info/1021/35...[详细]
290,0,清远英德、清远阳山、江门恩平专业代码分别是多少,请以考试院发布的招生专业目录为准
291,0,你好，我想问一下广东文科考生524分，填报贵校的教师专项，有可能被录取吗,去年教师专项最低排位，文科540左右，排位23000+，理科500左右，排位60000+
292,0,请问贵校今年有设预科班吗,没有
293,0,贵校今年招生人数减少，分数线会上升吗？若选择提前批，比高优线高10分左右有希望吗？排名15787,你好，2019年广东省本科批文科、理科专业录取最低分和排位：文科554/15769；理科517/53478。往年数据仅供参考。往年具体专业录取最低排位请查询http://zsjy.gzhu.edu.cn/lqsj.htm
294,0,选了广州大学的地方专项计划后，如果服从调剂，是不是只在地方专项计划中列出来的专业进行调剂,对的
295,0,老师，你好！我想问一下贵校地方专项往年最低投档分数是加上地方专项的分数是么？？还是没有加上的。,你好，请参考往年录取数据http://zsjy.gzhu.edu.cn/lqsj.htm。往年数据仅供参考。
296,0,贵校招理科生吗，去年的分数录取线是多少,你好，请参考往年录取数据http://zsjy.gzhu.edu.cn/lqsj.htm。往年数据仅供参考。
297,0,请问贵校转专业时间，是入学后就可以转还是一学期后才可以转？其他转师范专业有限制吗？,我校学生在校期间有四次申请转专业的机会：“转出无门槛，转入有要求”，符合条件的学生都可以向学校教务处申请转专业，通过转入学院的考核即可转入，给予在校学生更多选择专业的机会。但体育、艺术类专业不能跟普通类专业互转，广东教师专项、旅游管理（中法合作项目）也是不能转专业。
298,0,请问一下今年湖南舞蹈学招生是专业排名录取还是专业与文化分数综合得分录取呀？,艺术类考生录取办法：凡报考本校艺术类的考生，文化成绩分数线按各省（区、市）划定的最低控制分数线执行。1.术科成绩的使用广东省以外报考设计学类、播音与主持艺术（普语）、广播电视编导、音乐学（社会音乐）专业的考生，术科成绩使用生源省（区、市）统考成绩；广东省报考美术学、设计学...[详细]
299,0,贵校本年是否招收应用心理学专业新生若招收请问招收几人两眼近视约为400度能否填报,广州大学2020年本科招生计划表http://zsjy.gzhu.edu.cn/info/1022/3657.htm具体专业要求以省考试院发布的招生专业目录为准
300,0,陕西艺术理文化课393分，编导专业课88分，位次：103392能不能在咱们学校报考，该如何让填报自愿或除了艺术专业外能不能有其他选择,你好，请参考往年录取数据http://zsjy.gzhu.edu.cn/lqsj.htm。往年数据仅供参考。广州大学2020年本科招生计划表http://zsjy.gzhu.edu.cn/info/1022/3657.htm
301,0,本人档案显示色盲可以报考计算机科学与技术吗？,请以省考试院发布的招生专业目录为准
302,0,请问提前批应用心理学（师范）与本科批应用心理学有区别吗？能否互转专业？,专业介绍请登录我校教育学院网站进行专业了解。我校学生在校期间有四次申请转专业的机会：“转出无门槛，转入有要求”，符合条件的学生都可以向学校教务处申请转专业，通过转入学院的考核即可转入，给予在校学生更多选择专业的机会。但体育、艺术类专业不能跟普通类专业互转，广东教师专项、...[详细]
303,0,请问广东理科考生分数551排名54198报考贵校被录取的几率大吗？,你好，请参考往年录取数据http://zsjy.gzhu.edu.cn/lqsj.htm。往年数据仅供参考。
304,0,广东文科557，排位10996，想报贵校汉语言文学（师范）专业，可以录得到吗？,你好，请参考往年录取数据http://zsjy.gzhu.edu.cn/lqsj.htm。往年数据仅供参考。
305,0,您好我是河北舞蹈考生统考成绩172.33文化成绩368综合分562.77我想问一下贵校舞蹈编导今年有没有文化和专业成绩要求以及我有可能被贵校录取吗？,你好，报考要求请以我校官网发布的招生章程为准http://zsjy.gzhu.edu.cn/info/1021/3523.htm以及省考试院发布的招生专业目录为准。具体录取需要等录取结果出来才知道。
306,0,本人是文科生，分数557，省排位10990，分数低于前几年贵校最低录取分数线，但排位够了，能报考贵校的汉语言文学（师范）专业吗？,你好，请参考往年录取数据http://zsjy.gzhu.edu.cn/lqsj.htm。往年数据仅供参考。
307,0,入学后有机会换专业或者修双学位吗？,我校学生在校期间有四次申请转专业的机会：“转出无门槛，转入有要求”，符合条件的学生都可以向学校教务处申请转专业，通过转入学院的考核即可转入，给予在校学生更多选择专业的机会。但体育、艺术类专业不能跟普通类专业互转，广东教师专项、旅游管理（中法合作项目）也是不能转专业。我校...[详细]
308,0,如果被调剂到师范类其中一个专业，可以转专业到师范类另一个专业吗？,我校学生在校期间有四次申请转专业的机会：“转出无门槛，转入有要求”，符合条件的学生都可以向学校教务处申请转专业，通过转入学院的考核即可转入，给予在校学生更多选择专业的机会。但体育、艺术类专业不能跟普通类专业互转，广东教师专项、旅游管理（中法合作项目）也是不能转专业。
309,0,请问报考你校舞蹈专业是否有硬性筛选条件？比如规定英语必须过多少分？或者规定视力必须不低于某个数字？,请以省考试院发布的招生专业目录为准
310,0,请问去年有多少广东省考生填报了你校的舞蹈专业作为志愿呢？其中有多少人被成功录取了呢？,你好，请参考往年录取数据http://zsjy.gzhu.edu.cn/lqsj.htm。往年数据仅供参考。
311,0,请问你校广东省2018年和2017年舞蹈专业最低录取排位是多少呢？,你好，请参考往年录取数据http://zsjy.gzhu.edu.cn/lqsj.htm。往年数据仅供参考。
312,0,今天报的是师范类的，是地方专项吗还是怎么样的，还是普通师范专业,你好，我校提前批有师范类和教师专项
313,0,提前批填报的志愿是地方专项的吗,不是
314,0,理科生544排位6万请问可以冲吗,你好，2019年广东省本科批文科、理科专业录取最低分和排位：文科554/15769；理科517/53478。往年数据仅供参考。
315,0,请问地方专项计划录取后可转入任意专业吗？还是只能转入地方专项有关专业,除了教师专项外，同属普通类的专业都可以申请转，不限于地方专项招生目录
316,0,招生办的老师，您好，我是广东理工科考生，成绩527，服从调配，请问有机会被贵校录取吗？,往年数据供您参考广州大学2018、2019广东地区分专业录取分数统计-广州大学本科招生网http://zsjy.gzhu.edu.cn/info/1014/3658.htm
317,0,我福建省577，排名3371可以报贵校吗,你好，请参考往年录取数据http://zsjy.gzhu.edu.cn/lqsj.htm。往年数据仅供参考。
318,0,本人高考517，排位31108，有地方专项，进入贵校就读的机会大么？？还是希望渺茫,你好，请参考往年录取数据http://zsjy.gzhu.edu.cn/lqsj.htm。往年数据仅供参考。
319,0,贵校师范类提前批本科是和本科批次同一时段填写吗？26号到8月2号？,我校提前批填报时间：7月26日19:00－8月2日16:00。
320,0,在网上看不到化学师范类专业，请问在填报志愿的时候有这个专业填报吗？这个专业的要求和学费是怎样的？我要在哪个批次填报呢？,广州大学2020年本科招生计划表http://zsjy.gzhu.edu.cn/info/1022/3657.htm
321,0,山西理科考生555填报贵校的一流专业，录取可能性大吗？,你好，请参考往年录取数据http://zsjy.gzhu.edu.cn/lqsj.htm。往年数据仅供参考。
322,0,请问贵校的提前批师范类录取后是否要被调配到其他地方先培训？提前批和第一批同时填报志愿吗？如果一起填报提前批的结果是什么时候公布呀？,我校提前批填报时间：7月26日19:00－8月2日16:00。
323,0,查看学科等级,具体专业介绍请登录广州大学官网查看。
324,0,您好，在提前批报名的表格填写中只看到军检类等的报名填写，未看到师范类等的填写表格，想报贵校的提前批的师范类怎么报？,我校提前批填报时间：7月26日19:00－8月2日16:00。
325,0,广东理科高考551分，排名53697，不知道被贵校的统计学专业录取机会大不大，选了服从调剂后被贵校录取几率如何,你好，请参考往年录取数据http://zsjy.gzhu.edu.cn/lqsj.htm。往年数据仅供参考。
326,0,您好，在提前批报名的表格填写中只看到军检类等的报名填写，未看到师范类等的填写表格，想报贵校的提前批的师范类怎么报？,我校提前批填报时间：7月26日19:00－8月2日16:00。
327,0,地方专项是广东的农村户口就可以填吗？还是特定地区的考生可以填？,贫困地区农村学生专项需通过省考试院审核方可报考，请以省考试院公布的审核名单为准。
328,0,广东考生文科533排名21450报考录取可以吗,你好，请参考往年录取数据http://zsjy.gzhu.edu.cn/lqsj.htm。往年数据仅供参考。
329,0,您好，我想咨询一下，我6个专业填好后，最后是不是填服从调剂，服从调剂会不会调到期它专业。,当考生所填报的所有专业志愿均未被录取时，若服从专业调剂，调剂到计划有空额且符合相关专业要求的专业，按考生投档总分从高到低作调剂录取，并且符合体检要求的，我校概不退档。
330,0,甘肃广编，服从调剂的话会被退档吗,只要出档，符合录取条件，服从调剂，概不退档。
331,0,甘肃编导省排36有可能被录取吗,你好，请参考往年录取数据http://zsjy.gzhu.edu.cn/lqsj.htm。往年数据仅供参考。
332,0,提前批志愿为什么查不到贵校的专业,我校提前批填报时间：7月26日19:00－8月2日16:00。
333,0,可以报考贵校吗？,你好，请参考往年录取数据http://zsjy.gzhu.edu.cn/lqsj.htm。往年数据仅供参考。
334,0,广大的师范类提前批本科什么时段开始填？是和本科批次一起吗,我校提前批填报时间：7月26日19:00－8月2日16:00。
335,0,请问：如果我被成功投档贵校，又服从志愿调剂，身体与单科成绩也符合要求，是不是一定不会被退档？谢谢！,只要出档，符合录取条件，服从调剂，概不退档。
336,0,广东理工考考生，排名55287，可能录取吗,你好，请参考往年录取数据http://zsjy.gzhu.edu.cn/lqsj.htm。往年数据仅供参考。
337,0,广东理科547，想计算机类专业，可以报吗？,可以冲一冲。查询广东2018年、2019年各专业录取分数及排位，可以登录http://zsjy.gzhu.edu.cn/info/1014/3658.htm
338,0,江苏考生理科377能上广大吗,可以参考以下往年数据。广州大学2020年面向江苏招生情况介绍-广州大学本科招生网http://zsjy.gzhu.edu.cn/info/1110/3589.htm
339,0,广州大学有专科吗？,二级学院有专科，咨询电话02028046200
340,0,您好，我是广东文科考生，刚好达到高优线536分，请问我有机会上到贵校吗？,可以冲一冲，一定要填好保底院校
341,0,文科400，可以上贵校专科吗,关于专科层次录取，请咨询我校二级学院广州大学纺织服装学院020-28046300、28046200、28046280。
342,0,请问广东文科534分排名两万多可以填报贵校提前批教师地方专项吗,可以冲一冲
343,0,在广东561分排名45312有机会被录取吗？师范类专业可以选择？贵校的提前批本科·非军检院校是什么意思？,有机会，可在A志愿大胆填报。可以选择师范类专业。提前批和普通批次的专业可以同时填报。
344,0,教室专项计划怎么填报是要求考前申请吗考前没申请可以吗还是考后才能填报,在7.26-8.2的时间段，在提前批那里填报。
345,0,请问广东文科生541，录取有希望吗，排名17650,可以冲一冲，后面填好保底的学校。
346,0,湖南文科600分，排名3965，进贵校希望大吗？,有机会，大胆填报
347,0,请问湖南声乐生的录取原则是什么?录取分数怎么算？,请搜索查阅湖南省考试院的相关文件说明。
348,0,贵校的专科可以报商务英语这个专业吗,关于专科层次录取，请咨询我校二级学院广州大学纺织服装学院020-28046300、28046200、28046280。
349,0,我的孩子广东省音乐联考234分，钢琴和声乐分别为73和71，高考文化分382，综合分503.8，广东省音乐生排名1061，请问他这样的成绩有资格报考贵校的音乐类专业吗？贵校的音乐类专业对钢琴和声乐成绩有没有硬性要求，比如说一定要达到多少分？,文化课和术科双上本科线就可以报考。具体可参考广州大学2019年广东艺术类、体育类统考专业录取分数统计http://zsjy.gzhu.edu.cn/info/1014/3512.htm
350,0,分数442，排位178345，有机会报贵校的专科吗？录取几率大概是多少？,关于专科层次录取，请咨询我校二级学院广州大学纺织服装学院020-28046300、28046200、28046280。
351,0,您好，招生报考指南中有“旅游管理”和“旅游管理（中外合作办学）”两个专业，它有什么区别吗？,中法旅游管理作为独立招生代码进行招生，该合作项目是中法两国政府间最具知名度的高等教育合作项目之一，该专业是国家级一流专业建设点。入读学生具有广州大学与法国昂热大学学籍，执行两国公费收费标准，毕业时可获得中国管理学本科学士学位和法国昂热大学学士学位。学费：中方6300元/年*4年...[详细]
352,0,你好，我是海南考生，分数476，已过一本线，报贵校有机会录取吗？,可以冲一冲
353,0,广东考生广播电视编导的统考分数过了本科合格线185分，可以报考广州大学的广播电视编导专业吗,文化课和术科必须双上本科线。具体可参考广州大学2019年广东艺术类、体育类统考专业录取分数统计http://zsjy.gzhu.edu.cn/info/1014/3512.htm
354,0,如题,有机会，可大胆填报。
355,0,理科544，排位60656能上吗,可以冲一冲。
356,0,我是广东文科考生，分数557，排名11273，录取几率大吗？,有机会，可大胆填报。
357,0,老师，今年广东理工类560分，报贵校的提前批的《数学与应用数学》师范类，机会大不?,具体可参考广州大学往年各专业录取分数及排位http://zsjy.gzhu.edu.cn/lqsj.htm
358,0,1.请问提前批专业有哪些2.贵校有开设历史学，政治教育学等相关师范专业吗，招生目录并没有这些内容,广州大学2020年本科招生计划表（广州大学本科招生网--菜单栏“报考指南”--招生计划）http://zsjy.gzhu.edu.cn/info/1022/3657.htm
359,0,广州大学专插本是取消了吗,现在我校没有专插本了。
360,0,你好，湖南省文科生高考成绩538分，位次大约25000，报贵校被录取的机会大吗,未达一本线无法投档
361,0,我是广东学生，艺术音乐241，文化分351，综合分502，能否录取呢？,可参考我校2019年广东艺术类、体育类统考专业录取分数统计http://zsjy.gzhu.edu.cn/info/1014/3512.htm
362,0,1.您好，我是广东文科生，排名10971，有机会录取吗2.贵校有没有设置单科成绩线和专业极差,机会较大，欢迎大胆报考，没有单科成绩限制和专业级差
363,0,您好，我是今年广东文科生，排位13658，能上几率有多大?,有机会
364,0,广东文科高考537分排位19900请问能否录入贵校？,可以冲一冲，做好保底选择
365,0,老师省排12200多分数550多可以稳广大的汉语言文学师范（提前批)专业吗,广州大学往年各专业录取分数及排位详见http://zsjy.gzhu.edu.cn/lqsj.htm
366,0,提前批可以同时报警校和广大师范类么,请留意广东省考试院公布的填报志愿的指南
367,0,请问贵校去年舞蹈专业在湖南招生的文化成绩加专业成绩的投档线是多少,去年舞蹈编导在湖南是校考，术科平均分是265.95，文化平均分是412。今年是统考，参考意义不大
368,0,老师您好，我是今年广东高考文科毕业生，总分552，省排名13199，被广州大学录取几率大吗,有机会，大胆填报
369,0,1.今年文科会扩招吗？2.文科广东省排位15600左右有机会吗,可以冲一冲
370,0,这个教师专项的报考我在报考书里面看到说是在提前录取批次里面，那今年的第一时段不就是提前批批次的嘛，不就是今天到明天吗？为什么我进去填报志愿没有看到这个教师专项的报名入口，可否指明我一个具体时间啊？！谢谢,在第二个时段填报，8月2日前截止。
371,0,广东文科549排位14103多大几率被录取？,可以冲一冲，后面填好保底的学校。
372,0,老师，我广东文科排位14643，请问被贵校社会学或法学录取可能性大吗？谢谢老师,可以冲一冲。查询广东2018年、2019年各专业录取分数及排位，可以登录http://zsjy.gzhu.edu.cn/info/1014/3658.htm
373,0,文科550，想上广州大学会计管理，可冲一冲吗？最低录取专业及位次大约是多少？,查询广东2018年、2019年各专业录取分数及排位，可以登录http://zsjy.gzhu.edu.cn/info/1014/3658.htm
374,0,美术生排名一万七五录取概率大不大,可以参考广州大学2019年广东艺术类、体育类统考专业录取分数统计http://zsjy.gzhu.edu.cn/info/1014/3512.htm
375,0,美术生统考199，文化397，综合分457，排名一万七可以报吗,2019年广东艺术类、体育类统考专业录取分数统计http://zsjy.gzhu.edu.cn/info/1014/3512.htm
376,0,文科高考537分排位19900请问能否录入贵校？,我们今年在北京没有招生计划。
377,0,554分50904名有什么专业,查询广东2018年、2019年各专业录取分数及排位，可以登录http://zsjy.gzhu.edu.cn/info/1014/3658.htm
378,0,60860可以冲吗，理科,可以冲一冲，做好保底选择。
379,0,老师你好，我是湖南舞蹈艺考生，请问贵校去年舞蹈编导提前批的投档线是多少,去年湖南舞蹈编导最低综合分是72.96
380,0,请问教师的地方专项计划有什么要求才可以填报成功呢？,教师专项可以直接填报。贫困地区农村学生专项需要提前通过省教育考试院公示才能填报。
381,0,老师您好，我是今年广东文科考生，排位14643，请问被贵校今年思想政治教育师范专业录取几率大吗？谢谢老师！,比较危险，可以冲一冲，要做好保底。往年各专业的录取分数线供参考：http://zsjy.gzhu.edu.cn/info/1014/3658.htm
382,0,请问2020年525分有机会上广大吗,请问排位是多少名呢？广州大学2018、2019广东地区分专业录取分数统计：http://zsjy.gzhu.edu.cn/info/1014/3658.htm
383,0,我的排位是14700多，能上贵校吗,比较危险，可以冲一冲，要做好保底。
384,0,我是广东文科考生分数是497排位是45000如果要选英语专业进到贵校的可能性有多少呢？,机会不大
385,0,广东排位文科一万六干多能被广大录取吗？,可以冲一冲，请做好保底选择。
386,0,招生老师您好，我是河北的考生，今年高考成绩理工598分，想报考广州大学，今年广州大学在河北省共招收5个专业，每个专业4人，一共20人。按照平行志愿录取原则，贵校按1:1.05比例投档，拟投档21人。如果我选择报考广州大学，且同意专业调剂，在我被投档的情况下，若我排在第21名，也就是今年贵...[详细],一般考试院都是按1:1投档，凡是投档到我校服从调剂，体检合格且符合录取要求的，概不退档。
387,0,广州大学地方专项专业有什么？需要多少分？各个专业要多少分？,请参考2019年广东农村专项文、理科专业录取分数统计：http://zsjy.gzhu.edu.cn/info/1014/3508.htm
388,0,请问教师专项是怎么填志愿？是否是要很早之前就要提交资料了？现在想报还能报吗？我家文科，广东信宜农村户口，在深圳读，排位25616,现在填报志愿的时候可以报。可以冲一冲，请做好其他学校的保底选择。
389,0,广东理科考生，552分53259名，服从调剂的条件下可以入读贵校吗,有机会，可以冲一冲，请做好保底。
390,0,文科排名4002能进广州大学吗，今年在四川招文科生计划是多少啊，有哪些专业呢,请参考广州大学2020年面向四川招生情况介绍，里面有今年的招生计划和往年的录取分数线：http://zsjy.gzhu.edu.cn/info/1110/3583.htm
391,0,您好！我是广东湛江的一名考生，我的高考分数是570分，排名：39080，在广大可以报考的电子类专业可以推荐吗？电子类专业就业的方向是什么呢？谢谢您的帮助,建议关注“广大招生”微信公众号，菜单栏“走进广大”，有相关的热门专业以及就业前景的介绍。
392,0,我是广东考生分数是497排位在45000如果要选英语专业有多大的可能被录取,机会不大
393,0,请问报考贵校的要求是文化，专业均过本科线还是只需文化过艺术要求本科分数线，专业省统考合格就可以报？,文化和专业均过本科线
394,0,2020年应用心理学预估排位是多少？排位12800有机会吗？,往年录取分数和排位请参考：http://zsjy.gzhu.edu.cn/lqsj.htm
395,0,您好，我是今年的广东文科考生，分数是540分，排名是18120。想问贵校的地方专项计划(免费师范生)有没有历史师范，然后小学教育是不是只能教小学的，谢谢,没有历史的师范类。报考地方专项计划需要提前在省教育考试院进行公示的。
396,0,广州籍美术生联考228文科424总分512排位4116可以报考贵校美术学院么？贵院对数学单科成绩有没有要求？高考数学分数未达及格线。,去年我校美术类专业综合分最低分为521，最低排位为3千名左右。文化和术科双上本科控制线即可。
397,0,我是江西广播电视编导生，高考分475，综合分502.94，全省综合平行排名195，有希望被贵校录取吗？谢谢！！！,比较危险，可以冲一冲，建议做好保底选择。
398,0,1.高考分数541，省排六万，能上贵校吗，有什么好的建议呢2.今年在广东省内招收多少人3.专业的排序是否会有加减分4.服从专业调剂后，想转专业，能否转到心仪的专业,1.可以冲一冲，但机会不大。2.今年广东省的招生计划：http://zsjy.gzhu.edu.cn/info/1022/3694.htm 3.专业没有极差。4.我校学生在校期间有四次申请转专业的机会：“转出无门槛，转入有要求”，符合条件的学生都可以向学校教务处申请转专业，通过转入学院的考核即可转入，给予在校学生更多选择...[详细]
399,0,您好我是湖南音乐生，请问专业258文化416上贵校有希望吗,您好，该专业今年是第一年统考，暂时没有参考数据。
400,0,449可以上该校的专科吗,机会不大
401,0,多少分可以自己挑选专业,可参考我校历年本科录取分数统计http://zsjy.gzhu.edu.cn/lqsj.htm
402,0,老师您好，我想问一下，贵校承认统考，那录取的依据是高考文化分呢，还是广东省统考总分呢？此外我还想问一下，贵校该专业是否无提前批？,"广东省报考美术学、设计学类、广播电视编导、音乐学、舞蹈编导（不含国际标准舞）专业的考生,术科成绩使用广东省统考成绩。专业录取依据生源省（区、市）艺术类的投档原则进行，对文化分、术科分均上线的考生根据综合排位分，按照“分数优先、遵循志愿”原则进行专业录取。对生源省（区、直市...[详细]"
403,0,请问提前批的专业如果选择服从调剂，调剂的专业也是在提前批当中的吗？,是的
404,0,我是江西编导生，高考分475，综合分502.94，全省综合平行排名195，有希望被贵校录取吗？谢谢！！！,请问是广播电视编导还是舞蹈编导？
405,0,广东美术术科统考控制线是指185还是203呢?,2020年广东省美术术科控制线203分
406,0,老师您好！请问今年贵校音乐艺考生在湖南执行非平行志愿还是平行志愿录取,专业录取依据生源省（区、市）艺术类的投档原则进行，对文化分、术科分均上线的考生根据综合排位分，按照“分数优先、遵循志愿”原则进行专业录取。对生源省（区、直市）有本专业类别统考而未取得统考合格证的考生不予录取。音乐学为非平行批。
407,0,我是文科生，如果服从专业调剂，请问是否会调整到理科类招生的专业？,文科生不会调剂到理科专业
408,0,请问贵校今年美术类专科计划招生多少?,关于专科层次录取，请咨询我校二级学院广州大学纺织服装学院020-28046300、28046200、28046280。
409,0,老师好，我是上海考生，编导专业，贵校需要校考吗？录取原则是什么？是按上海考试院发布的编导公式：文化成绩*50%+专业成绩*660/300*50%折算后从高到低投档给贵校还是贵校有自己的录取原则？贵校广播电视编导专业是否是中外合作？19年贵校在上海招收广播电视编导专业录取的上海考生中文化最低...[详细],广东省以外报考广播电视编导专业的考生，术科成绩使用生源省（区、市）统考成绩；广播电视编导专业的综合排位分计算方式为文化分占60%，术科分占40%，合成百分制综合排位分。公式如下：综合排位分=文化课成绩/文化课满分*60+术科统考成绩/术科统考满分*40。在生源省（区、市）招生办公室投出...[详细]
410,0,你好，专科批专业也在广州大学本校区吗，和本科批的有什么区别,你好，目前我校广东省内均为本科批次招生，关于专科层次录取，请咨询我校二级学院广州大学纺织服装学院020-28046300
411,0,老师你好，贵学校在湖南有招生计划吗，我是湖南省的美术考生，联考是230分，在湖南省2020年预计招生多少人?建议多少分以上考生报考？往年分数线是多少？艺术类专业的投档比例是多少？还有今年录取规则是什么？谢谢了，辛苦老师了。,设计学类专业在湖南、江西、甘肃、广西、湖北等五省（自治区）招生；我校认可相应省的统考成绩，不再组织校考。招生计划以当地省最终公布的招生专业目录为准。认可统考的艺术类专业考生的术科分、文化分须在本科线上，校考专业须取得校考合格证，按综合分高低择优录取。可参考本科招生网上往...[详细]
412,0,您好请问报名通道开通了吗？,播音与主持艺术报名通道已开启，请参阅广州大学2020年播音与主持艺术专业校考调整方案http://zsjy.gzhu.edu.cn/info/1011/3394.htm
413,0,想请问一下，关于3分钟的自备新闻稿件，录制内容只能由一则长新闻构成吗？能否用一两句话串起两则一分钟的新闻呢？谢谢老师！,“自备新闻稿件播读”科目要求考生线上录制一段1分钟以上3分钟以内的播音视频。没有对新闻篇数作出要求。
414,0,老师你好我是广东省的国标考生请问老师考试是现场看还是线上考，具体时间是什么时候,请查看官网公布的调整方案http://zsjy.gzhu.edu.cn/info/1011/3396.htm
415,0,请问需要打印准考证吗？如有需要，什么时候可以打印？,线上考试无需打印准考证
416,0,请问贵校美术设计学类专业在湖南的招生是文科生和理科生按综合分合在一起排序录取的，还是文科和理科分开排序录取？,省外不分文理的省份艺术类考生综合分一起排序，分文理的省份艺术类招生类别为艺术文。请密切留意广州大学本科招生网（http://zsjy.gzhu.edu.cn）或关注“广大招生”微信公众号。
417,0,湖南舞蹈今年取消校考，请问录取的规则是什么，凭联考分高低录还是专业70%和文化30%总分录取？请问今年湖南招生计划是多少？,舞蹈编导（不含国际标准舞）专业在湖南、江西、辽宁、海南、河北等五省招生。我校认可相应省的统考成绩，不再组织校考。招生计划以当地省招生专业目录为准。综合分计算公式、录取原则等请仔细阅读网站上的招生简章与招生章程。请密切留意广州大学本科招生网（http://zsjy.gzhu.edu.cn）或关注...[详细]
418,0,今年播音主持江西招几人？,播音主持专业我校认可江西省的统考成绩，不再组织校考。招生规模尚未确定，请参考往年招生计划，2020年招生计划以江西省2020年的招生专业目录为准。请密切留意广州大学本科招生网（http://zsjy.gzhu.edu.cn）或关注“广大招生”微信公众号，我们将会第一时间推送最新消息。
419,0,请问老师，贵校文化分是艺术本科线还是文化裸分本科线,艺术类考生文化分须过艺术类本科线
420,0,您好，播音主持的考试内容均为自备，这种情况下贵校是否会考虑录取原则上增大文化分的所占比重呢？,请仔细阅读广州大学2020年播音与主持艺术专业校考调整方案（http://zsjy.gzhu.edu.cn/info/1011/3394.htm）
421,0,您好，播音主持的考试内容均为自备，这种情况下贵校是否会考虑录取原则上增大文化分的所占比重呢？,请认真阅读广州大学2020年播音与主持艺术专业校考调整方案（http://zsjy.gzhu.edu.cn/info/1011/3394.htm）
422,0,请问贵校美术类山东有招生计划吗,今年山东暂无美术类招生计划
423,0,老师您好，请问调整简章中的考试内容“自备新闻稿件播读”是否需要脱稿呢？谢谢您！,播音与主持艺术专业网上考试各科目录制视频时均要求脱稿
424,0,您好，昨天阅读了贵校的修改版招生简章及方案，有几个不太明白的地方：1拍摄的视频是否有要求是全身或者半身2自备新闻播读是否需要脱稿3两项考试项目是否需要同一时间完成（完成了一项立马进行下一项）,1、手机横屏，拍摄半身（录制视频时会有提示）；2、各科考试均需要脱稿；3、在考试结束前录制并完成视频上传即可。报考后系统有样例视频，有详细的指引，请进行模拟考试，熟悉考试流程。
425,0,贵校今年在安徽有招生音乐生的计划吗？去年的音乐生录取分数是多？谢谢,2020年音乐学（社会音乐）专业在广东、湖南、江西、辽宁、海南招生。认可统考的艺术类专业考生的术科分、文化分须在本科线上，校考专业须取得校考合格证，按综合分高低择优录取。可参考本科招生网上往年数据。（http://zsjy.gzhu.edu.cn/info/1014/3295.htm）。请关注“广大招生”微信公众号...[详细]
426,0,老师你好！请问国标什么时候开始报名？还是报名结束了？,我校2020年舞蹈编导（限国际标准舞）专业校考只面向广东考生，拟采用现场来校考试形式，高考结束后两周内完成考试。我校预计下周公布考试最终调整方案。请密切留意广州大学本科招生网（http://zsjy.gzhu.edu.cn）或关注“广大招生”微信公众号的正式通知。
427,0,国标舞的艺考报名结束了吗,我校2020年舞蹈编导（限国际标准舞）专业校考只面向广东考生，拟采用现场来校考试形式，高考结束后两周内完成考试。我校预计下周公布考试最终调整方案。请密切留意广州大学本科招生网（http://zsjy.gzhu.edu.cn）或关注“广大招生”微信公众号的正式通知。
428,0,我是上海音乐学考生，贵校有在上海招生吗？有校考吗？不知是否错过报名时间！谢谢！贵校简章已出吗？,我校暂无上海招生计划
429,0,请问贵校的播音校考报名什么时候开始?是线下还是线上?新的招生简章什么时候出？,我校2020年播音与主持艺术专业校考仅面对广东艺术类考生，将采用线上考试形式，考试内容在今年1月份我校公布的招生简章表述范围内。我校预计下周公布考试最终调整方案。4月底进行在线考试。请密切留意广州大学本科招生网（http://zsjy.gzhu.edu.cn）或关注“广大招生”微信公众号的正式通知。...[详细]
430,0,什么时候出新的简章呀，大约什么时候进行考试呢,我校2020年播音与主持艺术专业校考仅面对广东艺术类考生，将采用线上考试形式，考试内容在今年1月份我校公布的招生简章表述范围内。我校预计下周公布考试最终调整方案。4月底进行在线考试。请密切留意广州大学本科招生网（http://zsjy.gzhu.edu.cn）或关注“广大招生”微信公众号的正式通知。...[详细]
431,0,请问贵校什么时候开通报名通道呢？,预计下周开通
432,0,请问贵校什么时候开通报名通道呢？,预计下周开通
433,0,请问贵校什么时候开通报名通道呢？,预计下周开通
434,0,请问贵校报名时间过了吗？另外广东的艺术类（美术）考生是否可以报考摄影播音系列的专业,校考报名未开始，播音属于音乐类校考，我校无摄影专业。请密切留意广州大学本科招生网（http://zsjy.gzhu.edu.cn）或关注“广大招生”微信公众号的正式通知。
435,0,您好，想询问广州大学的播音专业什么时候开始报名呢？,我校2020年播音与主持艺术专业校考仅面对广东考生，将采用线上考试形式，考试内容在今年1月份我校公布的招生简章表述范围内。我校初定4月初公布考试最终调整方案。4月底进行在线考试。请密切留意广州大学本科招生网（http://zsjy.gzhu.edu.cn）或关注“广大招生”微信公众号的正式通知。
436,0,老师你好！我是江西理科学生（编导生），我对于贵校校考有以下几点疑问：①请问现在还能报名贵校的校考吗？（亦或是说之后报名通道还会开吗？）②请问在哪里进行贵校的校考报名？③请问贵校对于考生高考文化分有什么要求？④请问贵校的校考地点在哪？何时开始校考？⑤请问贵校的录取方式是何...[详细],广播电视编导专业在湖南、江西、甘肃、安徽和广西等五省（自治区）招生，我校认可相应省的统考成绩，不再组织校考。招生计划以当地省招生专业目录为准。请密切留意广州大学本科招生网（http://zsjy.gzhu.edu.cn）或关注“广大招生”微信公众号，我们将会第一时间推送最新消息。
437,0,请问今年在河南是否有古筝招生计划?若有，几个?是否承认省统考成绩?去年招生文化课最低线多少分?谢谢,部分专业在外省承认统考，招生情况如下：1.设计学类专业在湖南、江西、甘肃、广西、湖北等五省（自治区）招生；2.广播电视编导专业在湖南、江西、甘肃、安徽和广西等五省（自治区）招生；3.播音与主持艺术（普语）专业在湖南、江西、重庆等三省（市）招生；4.音乐学（社会音乐）专业在湖南、...[详细]
438,0,广东播音生什么时候可以报名,我校2020年播音与主持艺术专业校考仅面对广东艺术类考生，将采用线上考试形式，考试内容在今年1月份我校公布的招生简章表述范围内。我校初定3月底4月初公布考试最终调整方案。4月底进行在线考试。请密切留意广州大学本科招生网（http://zsjy.gzhu.edu.cn）或关注“广大招生”微信公众号的正式...[详细]
439,0,广东播音生什么时候可以报名,我校2020年播音与主持艺术专业校考仅面对广东艺术类考生，将采用线上考试形式，考试内容在今年1月份我校公布的招生简章表述范围内。我校初定3月底4月初公布考试最终调整方案。4月底进行在线考试。请密切留意广州大学本科招生网（http://zsjy.gzhu.edu.cn）或关注“广大招生”微信公众号的正式...[详细]
440,0,广东播音生什么时候可以报名,我校2020年播音与主持艺术专业校考仅面对广东艺术类考生，将采用线上考试形式，考试内容在今年1月份我校公布的招生简章表述范围内。我校初定3月底4月初公布考试最终调整方案。4月底进行在线考试。请密切留意广州大学本科招生网（http://zsjy.gzhu.edu.cn）或关注“广大招生”微信公众号的正式...[详细]
441,0,广东播音生什么时候可以报名,我校2020年播音与主持艺术专业校考仅面对广东艺术类考生，将采用线上考试形式，考试内容在今年1月份我校公布的招生简章表述范围内。我校初定3月底4月初公布考试最终调整方案。4月底进行在线考试。请密切留意广州大学本科招生网（http://zsjy.gzhu.edu.cn）或关注“广大招生”微信公众号的正式...[详细]
442,0,广东播音生什么时候可以报名,我校2020年播音与主持艺术专业校考仅面对广东艺术类考生，将采用线上考试形式，考试内容在今年1月份我校公布的招生简章表述范围内。我校初定3月底4月初公布考试最终调整方案。4月底进行在线考试。请密切留意广州大学本科招生网（http://zsjy.gzhu.edu.cn）或关注“广大招生”微信公众号的正式...[详细]
443,0,已经四月初了请问贵校啥时候开放报名啊！,我校2020年播音与主持艺术专业校考仅面对广东艺术类考生，将采用线上考试形式，考试内容在今年1月份我校公布的招生简章表述范围内。我校初定3月底4月初公布考试最终调整方案。4月底进行在线考试。请密切留意广州大学本科招生网（http://zsjy.gzhu.edu.cn）或关注“广大招生”微信公众号的正式...[详细]
444,0,请问贵校的艺术类的视觉传达设计、工业设计，环境设计等专业是否实行大类招生；或不是实行大类招生，进校后如果想换专业，贵校是否有改专业政策？,设计学类实行大类招生，转专业政策请浏览教务处网站http://jwc.gzhu.edu.cn/
445,0,您好！我是广东省的国标考生想问问什么时候开始报名呢？,我校2020年舞蹈编导（限国际标准舞）专业校考只面向广东考生，拟采用现场来校考试形势，高考结束后两周内完成考试。。我校初定3月底4月初公布考试最终调整方案。请密切留意广州大学本科招生网（http://zsjy.gzhu.edu.cn）或关注“广大招生”微信公众号的正式通知。
446,0,限国标标准舞是除了国标其他都招吗？,我校舞蹈编导只有国标方向实行校考。我校2020年舞蹈编导（限国际标准舞）专业校考只面向广东考生，拟采用现场来校考试形势，高考结束后两周内完成考试。。我校初定3月底4月初公布考试最终调整方案。请密切留意广州大学本科招生网（http://zsjy.gzhu.edu.cn）或关注“广大招生”微信公众号的正...[详细]
447,0,请问贵校在湖北招民族民间舞考生吗？有招生计划吗？承认联考统考成绩吗？,舞蹈编导（不含国际标准舞）专业在湖南、江西、辽宁、海南、河北等五省招生，我校认可相应省的统考成绩，不再组织校考。招生计划以当地省招生专业目录为准。请密切留意广州大学本科招生网（http://zsjy.gzhu.edu.cn）或关注“广大招生”微信公众号，我们将会第一时间推送最新消息。
448,0,还可以报名吗现在,一、广东播音与主持艺术专业我校2020年播音与主持艺术专业校考仅面对广东考生，将采用线上考试形式，考试内容在今年1月份我校公布的招生简章表述范围内。我校初定3月底4月初公布考试最终调整方案。4月底进行在线考试。二、广东舞蹈编导（国际标准舞）专业我校2020年舞蹈编导（限国际标准舞）...[详细]
449,0,如果身高问题大学复测后会被强行劝退吗,请参考招生章程相关规定
450,0,请问贵校的艺术类环境设计开设了哪些具体课程,请参考相关网站介绍http://zsjy.gzhu.edu.cn/info/1015/2895.htm
451,0,请问贵校大概啥时候出简章呀四月出四月报名四月考试嘛,艺术类招生简章已经发布在本科招生网上，可浏览网站http://zsjy.gzhu.edu.cn获取更多信息
452,0,请问贵校对美术生文科的单科成绩有没有要求，比如语数英，谢谢,美术类认可广东省统考成绩，招生层次为本科，实行平行志愿投档，录取原则请参考去年的招生章程。
453,0,老师，您好！请问广州大学纺织学院招美术专科学生吗？术考达专科线,往年有美术类招生专业，以纺织服装学院2020年发布的招生计划为准。
454,0,请问广东播音生什么时候可以报名？是线上还是线下考？,我校2020年播音与主持艺术专业校考仅面对广东艺术类考生，将采用线上考试形式，考试内容在今年1月份我校公布的招生简章表述范围内。我校初定3月底4月初公布考试最终调整方案。4月底进行在线考试。请密切留意广州大学本科招生网（http://zsjy.gzhu.edu.cn）或关注“广大招生”微信公众号的正式...[详细]
455,0,广东体育舞蹈什么时候能报名？,我校2020年舞蹈编导（限国际标准舞）专业校考只面向广东考生，拟采用现场来校考试形势，高考结束后两周内完成考试。我校初定3月底4月初公布考试最终调整方案。请密切留意广州大学本科招生网（http://zsjy.gzhu.edu.cn）或关注“广大招生”微信公众号的正式通知。
456,0,贵校对福建省的播音主持专业进行校考吗？若要参加校考报名系统什么时候开放呢？,播音与主持艺术（普语）专业在广东、湖南、江西、重庆等四省（市）招生。
457,0,请问今年声乐表演怎样招生？,音乐学专业在广东认可省统考术科成绩，不组织校考。
458,0,您好，贵校会在2020年收黑龙江美术生吗？美术专业的统考和文化课最低录取分数线是多少？,今年我校没有黑龙江的招生计划
459,0,辽宁音乐表演（声乐）考生如何录取呢如有校考还可以报名嘛,音乐学（社会音乐）专业在湖南、江西、辽宁、海南等四省招生；我校认可相应省的统考成绩，不再组织校考。招生计划以当地省招生专业目录为准。请密切留意广州大学本科招生网（http://zsjy.gzhu.edu.cn）或关注“广大招生”微信公众号，我们将会第一时间推送最新消息。
460,0,你好，请问艺考报名时间差不多是什么时候，还有什么怎样举行校考呢,我校2020年播音与主持艺术专业校考仅面对广东考生，将采用线上考试形式，考试内容在今年1月份我校公布的招生简章表述范围内。我校初定3月底4月初公布考试最终调整方案。4月底进行在线考试。请密切留意广州大学本科招生网（http://zsjy.gzhu.edu.cn）或关注“广大招生”微信公众号的正式通知。...[详细]
461,0,请问贵校有美术专科招生吗？,广东省美术考生可报考美术学（师范）及设计学类，认可省的统考成绩，不再组织校考。招生计划以省招办最终公布的专业目录为准。请密切留意广州大学本科招生网（http://zsjy.gzhu.edu.cn）或关注“广大招生”微信公众号，我们将会第一时间推送最新消息。
462,0,你好，请问贵校在辽宁的招的社会音乐学的录取综合得分公式是是什么？,可参考去年的招生简章（http://zsjy.gzhu.edu.cn/info/1021/2840.htm），以2020年最终公布的招生章程为准
463,0,你好👋，请问今年广州大学对于广东的播音专业艺术生打算如何安排呢？因为今年到现在开始还没有报名,我校2020年播音与主持艺术专业校考仅面对广东考生，将采用线上考试形式，考试内容在今年1月份我校公布的招生简章表述范围内。我校初定3月底4月初公布考试最终调整方案。4月底进行在线考试。请密切留意广州大学本科招生网（http://zsjy.gzhu.edu.cn）或关注“广大招生”微信公众号的正式通知。...[详细]
464,0,辽宁播表考生贵校如何录取呢如有校考还可以报名吗,今年我校在辽宁没有播音与主持艺术专业计划
465,0,请问贵校在甘肃招收广播电视编导专业艺考生吗？如何招生？,我校认可甘肃省的广播电视编导统考成绩，不再组织校考。招生计划以当地省招生专业目录为准。请密切留意广州大学本科招生网（http://zsjy.gzhu.edu.cn）或关注“广大招生”微信公众号，我们将会第一时间推送最新消息。
466,0,请问贵校播音的合成分（专业x0.6文化x0.4）这里分文理科排名吗？,广东省播音与主持艺术专业校考的录取原则为按综合分从高到低择优录取，综合成绩=专业成绩÷专业满分×60+文化成绩÷文化满分×40。排序不分文理。
467,0,请问贵校播音的合成分（专业x0.6文化x0.4）这里分文理科排名吗？,广东省播音与主持艺术专业校考的录取原则为按综合分从高到低择优录取，综合成绩=专业成绩÷专业满分×60+文化成绩÷文化满分×40。排序不分文理。
468,0,请问贵校播音的合成分（专业x0.6文化x0.4）这里分文理科排名吗？,广东省播音与主持艺术专业校考的录取原则为按综合分从高到低择优录取，综合成绩=专业成绩÷专业满分×60+文化成绩÷文化满分×40。排序不分文理。
469,0,您好，请问贵校今年在海南有招生计划吗？美术生有没招生计划？按什么方式招,部分专业在外省承认统考，招生情况如下：1.设计学类专业在湖南、江西、甘肃、广西、湖北等五省（自治区）招生；2.广播电视编导专业在湖南、江西、甘肃、安徽和广西等五省（自治区）招生；3.播音与主持艺术（普语）专业在湖南、江西、重庆等三省（市）招生；4.音乐学（社会音乐）专业在湖南、...[详细]
470,0,您好，请问贵校在辽宁招的社会音乐学是属于统考里音乐学（音教）专业吗？音教是按所有声乐种类和乐器种类一起排名还是分分声种分乐器，因为我们省的统考排名按声种和乐器种类分别排名的,我校音乐学在辽宁省统考子科类属于音乐教育，声乐专业一起排名，器乐和钢琴分开排名
471,0,请问贵校今年对安徽编导是否有招生计划？若有是统考还是校考？,广播电视编导专业在湖南、江西、甘肃、安徽和广西等五省（自治区）招生；我校认可相应省的统考成绩，不再组织校考。招生计划以当地省招生专业目录为准。请密切留意广州大学本科招生网（http://zsjy.gzhu.edu.cn）或关注“广大招生”微信公众号，我们将会第一时间推送最新消息。
472,0,老师您好，我想问一下贵校播音的文化分是多少？,认可统考的艺术类专业考生的术科分、文化分须在本科线上，校考专业须取得校考合格证，按综合分高低择优录取。可参考本科招生网上往年数据。（http://zsjy.gzhu.edu.cn/info/1014/3295.htm）。请关注“广大招生”微信公众号，我们将会第一时间推送报名通知。
473,0,请问贵校19年美声和长笛专业和文化课录取分数线在辽宁是多少？,音乐学（社会音乐）专业在湖南、江西、辽宁、海南等四省招生；我校认可相应省的统考成绩，不再组织校考。招生计划以当地省招生专业目录为准。认可统考的艺术类专业考生的术科分、文化分须在本科线上，按综合分高低择优录取。可参考本科招生网上往年数据。（http://zsjy.gzhu.edu.cn/info/101...[详细]
474,0,内蒙古播音取消联考，想问贵校，内蒙古的考生还可以参加考试吗,播音与主持艺术（普语）专业在湖南、江西、重庆等三省（市）招生；我校认可相应省的统考成绩，不再组织校考。招生计划以当地省招生专业目录为准。请密切留意广州大学本科招生网（http://zsjy.gzhu.edu.cn）或关注“广大招生”微信公众号，我们将会第一时间推送最新消息。
475,0,内蒙古的播音考生还可以报名吗,我校2020年播音与主持艺术专业校考仅面对广东艺术类考生，播音与主持艺术（普语）专业在湖南、江西、重庆等三省（市）招生；我校认可相应省的统考成绩，不再组织校考。招生计划以当地省招生专业目录为准。请密切留意广州大学本科招生网（http://zsjy.gzhu.edu.cn）或关注“广大招生”微信公众...[详细]
476,0,请问贵校编导专业今年有对福建招生吗？,广播电视编导专业在湖南、江西、甘肃、安徽和广西等五省（自治区）招生；我校认可相应省的统考成绩，不再组织校考。招生计划以当地省招生专业目录为准。请密切留意广州大学本科招生网（http://zsjy.gzhu.edu.cn）或关注“广大招生”微信公众号，我们将会第一时间推送最新消息。
477,0,你好，我想问一下贵校是否取消即兴评述环节,我校2020年播音与主持艺术专业校考仅面对广东考生，将采用线上考试形式，考试内容在今年1月份我校公布的招生简章表述范围内。我校初定3月底4月初公布考试最终调整方案。4月底进行在线考试。请密切留意广州大学本科招生网（http://zsjy.gzhu.edu.cn）或关注“广大招生”微信公众号的正式通知。...[详细]
478,0,我想报考贵校，不知道贵校今年是否有找广西美术理科生计划,设计学类专业在湖南、江西、甘肃、广西、湖北等五省（自治区）招生；我校认可相应省的统考成绩，不再组织校考。招生计划以当地省招生专业目录为准。请密切留意广州大学本科招生网（http://zsjy.gzhu.edu.cn）或关注“广大招生”微信公众号，我们将会第一时间推送最新消息。
479,0,请教贵校2019高考录取的播音主持专业文化分最低多少？,可参考本科招生网上往年数据。（http://zsjy.gzhu.edu.cn/info/1014/3295.htm）。请关注“广大招生”微信公众号，我们将会第一时间推送报名通知。
480,0,请问线上考是否是录制视频上交？,我校2020年播音与主持艺术专业校考仅面对广东考生，将采用线上考试形式，考试内容在今年1月份我校公布的招生简章表述范围内。我校初定3月底4月初公布考试最终调整方案。4月底进行在线考试。请密切留意广州大学本科招生网（http://zsjy.gzhu.edu.cn）或关注“广大招生”微信公众号的正式通知。...[详细]
481,0,广东舞蹈生怎么录取要参加校考么？统考分数、高考文化分要达到多少？,我校2020年舞蹈编导（限国际标准舞）专业校考只面向广东考生，拟采用现场来校考试形势，高考结束后两周内完成考试。我校初定3月底4月初公布考试最终调整方案。舞蹈编导非国标方向认可广东省统考。请密切留意广州大学本科招生网（http://zsjy.gzhu.edu.cn）或关注“广大招生”微信公众号的正式...[详细]
482,0,现在还可以报名校考吗，文化课多少了,舞蹈编导（不含国际标准舞）专业在广东、湖南、江西、辽宁、海南、河北六省招生。我校认可相应省的统考成绩，不再组织校考。招生计划以当地省招生专业目录为准。请密切留意广州大学本科招生网（http://zsjy.gzhu.edu.cn）或关注“广大招生”微信公众号，我们将会第一时间推送最新消息。
483,0,您好！本人是广东的播音主持专业学生。看到贵校提及会在四月底进行线上的考试，四月底这个时间临近高考，考生需要面临平衡专业学习与文化课之间的学习，困难较之以前增加。况且线上考试对考生的考察不够全面，需要受多方面因素的影响，学生水平的展现也不能够做到专而精。目前，国内疫情相对...[详细],我校2020年播音与主持艺术专业校考仅面对广东考生，将采用线上考试形式，考试内容在今年1月份我校公布的招生简章表述范围内。我校初定3月底4月初公布考试最终调整方案。4月底进行在线考试。请密切留意广州大学本科招生网（http://zsjy.gzhu.edu.cn）或关注“广大招生”微信公众号的正式通知。...[详细]
484,0,我是一名来自江西的美术生，请问贵校面向江西招生吗？,设计学类专业在湖南、江西、甘肃、广西、湖北等五省（自治区）招生。我校认可相应省的统考成绩，不再组织校考。招生计划以当地省招生专业目录为准。请密切留意广州大学本科招生网（http://zsjy.gzhu.edu.cn）或关注“广大招生”微信公众号，我们将会第一时间推送最新消息。
485,0,老师您好，我想问一下贵校招内蒙古播音生吗,我校2020年播音与主持艺术专业校考仅面对广东考生。播音与主持艺术（普语）专业在湖南、江西、重庆等三省（市）招生，认可统考成绩。
486,0,今年招不招河北的国标舞生,我校2020年舞蹈编导（限国际标准舞）专业校考只面向广东考生，拟采用现场来校考试形势，高考结束后两周内完成考试。
487,0,您好，贵校今年河北省有招生计划吗，音乐学丶音乐教育、音乐表演长笛河北招几人，建议多少分填志愿,2020年音乐学（社会音乐）专业计划在湖南、江西、辽宁、海南等四省招生，认可统考成绩
488,0,请问贵校播音主持专业2020年招生面向云南考生吗？是否承认云南省统考成绩？,2020年播音与主持艺术（普语）专业在湖南、江西、重庆等三省（市）招生。
489,0,播音校考考试线上考完后，还需要组织线下考试吗,我校2020年播音与主持艺术专业校考仅面对广东考生，将采用线上考试形式，考试内容在今年1月份我校公布的招生简章表述范围内。我校初定3月底4月初公布考试最终调整方案。4月底进行在线考试。请密切留意广州大学本科招生网（http://zsjy.gzhu.edu.cn）或关注“广大招生”微信公众号的正式通知。...[详细]
490,0,贵校舞蹈编导（不含国标）是指中国舞或现代舞编导吧录取原则也是按综合分吗简章上没看到,舞蹈编导的录取原则往年是按综合分拍讯，今年的录取原则以2020年最终公布的招生章程为准
491,0,请问播音会分初复试吗?初试还是指定稿件吗?,我校2020年播音与主持艺术专业校考仅面对广东考生，将采用线上考试形式，考试内容在今年1月份我校公布的招生简章表述范围内。我校初定3月底4月初公布考试最终调整方案。4月底进行在线考试。请密切留意广州大学本科招生网（http://zsjy.gzhu.edu.cn）或关注“广大招生”微信公众号的正式通知。...[详细]
492,0,本校招内蒙美术生么是否校考内蒙美术联考227文科生文化课380有机会报考本校么,部分艺术类专业在外省承认统考，招生情况如下：1.设计学类专业在湖南、江西、甘肃、广西、湖北等五省（自治区）招生；2.广播电视编导专业在湖南、江西、甘肃、安徽和广西等五省（自治区）招生；3.播音与主持艺术（普语）专业在湖南、江西、重庆等三省（市）招生；4.音乐学（社会音乐）专业在...[详细]
493,0,贵校的播音校考是只有一试吗？还是有初试和复试,我校2020年播音与主持艺术专业校考仅面对广东考生，将采用线上考试形式，考试内容在今年1月份我校公布的招生简章表述范围内。我校初定3月底4月初公布考试最终调整方案。4月底进行在线考试。请密切留意广州大学本科招生网（http://zsjy.gzhu.edu.cn）或关注“广大招生”微信公众号的正式通知。...[详细]
494,0,今年打算在江西招多少人，联考排名多少有希望录取贵校,目前招生规模尚未下达，专业计划数未定。认可统考的艺术类专业考生的术科分、文化分须在本科线上，按综合分高低择优录取。可参考本科招生网上往年数据。（http://zsjy.gzhu.edu.cn/info/1014/3295.htm）。请关注“广大招生”微信公众号，我们将会第一时间推送报名通知。
495,0,贵校在江西省联考中招几人，同时去年最低文化分多少？,招生计划还未确定，认可统考的艺术类专业考生的术科分、文化分须在本科线上，按综合分高低择优录取。可参考本科招生网上往年数据。（http://zsjy.gzhu.edu.cn/info/1014/3295.htm）。请关注“广大招生”微信公众号，我们将会第一时间推送报名通知。
496,0,请问播音网上考试是只设置一试还是初试复试都进行线上的呢？,我校2020年播音与主持艺术专业校考仅面对广东考生，将采用线上考试形式，考试内容在今年1月份我校公布的招生简章表述范围内。我校初定3月底4月初公布考试最终调整方案。4月底进行在线考试。请密切留意广州大学本科招生网（http://zsjy.gzhu.edu.cn）或关注“广大招生”微信公众号的正式通知。...[详细]
497,0,想知道广州大学不校考只收统考那么广东的播音生呢,我校2020年播音与主持艺术专业校考仅面对广东艺术类考生，将采用线上考试形式，考试内容在今年1月份我校公布的招生简章表述范围内。我校初定3月底4月初公布考试最终调整方案。4月底进行在线考试。请密切留意广州大学本科招生网（http://zsjy.gzhu.edu.cn）或关注“广大招生”微信公众号的正式...[详细]
498,0,老师您好！我是湖南一名美术生，联考240。为此我想咨询一下，贵校今年在湖南美术设计方面招生人数大约是多少？还有今年对于文化录取分数线是否会降低？,招生计划目前还未下达，以最终当地省招生专业目录为准。认可统考的艺术类专业考生的术科分、文化分须在本科线上，校考专业须取得校考合格证，按综合分高低择优录取。可参考本科招生网上往年数据。（http://zsjy.gzhu.edu.cn/info/1014/3295.htm）。请关注“广大招生”微信公众号，我们将会第...[详细]
499,0,2019年贵校在安徽省招收播音主持专业的考生，2020年却取消招生，这使得安徽省地区该专业的学生将失去报考贵校的机会。,由于省招办批准给我校的外省招生计划非常有限，不足以在各省都能投放计划，因此我校每年都要作相应的专业计划调整。
500,0,播音主持认可今年江西统考吗？招几人？,播音与主持艺术（普语）专业在湖南、江西、重庆等三省（市）招生；我校认可相应省的统考成绩，不再组织校考。招生计划以当地省招生专业目录为准。请密切留意广州大学本科招生网（http://zsjy.gzhu.edu.cn）或关注“广大招生”微信公众号，我们将会第一时间推送最新消息。
501,0,我是一名播音主持专业的学生，我想请问一下贵校是两次考试都是线上考试，还是只有初试是线上呢～是采用提交视频的方式还是实时连线呢！,我校2020年播音与主持艺术专业校考仅面对广东考生，将采用线上考试形式，考试内容在今年1月份我校公布的招生简章表述范围内。我校初定3月底4月初公布考试最终调整方案。4月底进行在线考试。请密切留意广州大学本科招生网（http://zsjy.gzhu.edu.cn）或关注“广大招生”微信公众号的正式通知。...[详细]
502,0,老师你好我想问一下播音主持还可以报名吗,我校2020年播音与主持艺术专业校考仅面对广东艺术类考生，将采用线上考试形式，考试内容在今年1月份我校公布的招生简章表述范围内。我校初定3月底4月初公布考试最终调整方案。4月底进行在线考试。请密切留意广州大学本科招生网（http://zsjy.gzhu.edu.cn）或关注“广大招生”微信公众号的正式...[详细]
503,0,贵校今年有意愿在陕西招收编导生吗，需要校考吗,请参考本科招生网上公布的校考招生简章http://zsjy.gzhu.edu.cn/info/1014/3295.htm
504,0,舞蹈编导专业在招收人数是多少,目前没有最终确定专业招生人数，可参考招生简章及往年招生计划数。本科招生网上公布的校考招生简章如下http://zsjy.gzhu.edu.cn/info/1014/3295.htm
505,0,舞蹈编导专业今年还招吗什么时候报名,请参考本科招生网上公布的校考招生简章http://zsjy.gzhu.edu.cn/info/1014/3295.htm
506,0,你好，请问还有动画专业吗？,今年没有动画专业，相近专业有数字媒体艺术专业，属于大类招生，包含在设计学类里面
507,0,请问广州大学今年大约多少分联考！排位多少！宿舍怎么样,往年的录取情况请浏览我校本科招生网http://zsjy.gzhu.edu.cn的报考指南->往年数据栏目，或关注“广大招生”微信公众号进行查询
508,0,您好贵校今年有意愿招收广西的编导生，如果有，那去年的分数线是多少呢,今年将会在广西投放广播电视编导招生计划，往年的录取情况请浏览我校本科招生网http://zsjy.gzhu.edu.cn的报考指南->往年数据栏目，或关注“广大招生”微信公众号进行查询
509,0,您好，请问今年对于广东的播音考生会怎样设置校考呢？以及时间是怎样安排的呢？,2020年播音与主持艺术专业校考将采用线上考试形式。大约3月底开放报名，4月底左右进行考试。请关注“广大招生”微信公众号，我们将会第一时间推送报名通知。
510,0,美术生的应该不会很高分吧,往年的录取情况请浏览我校本科招生网http://zsjy.gzhu.edu.cn的报考指南->往年数据栏目，或关注“广大招生”微信公众号进行查询
511,0,请问联考244文化380上广州大学的几率是多少？,往年的录取情况请浏览我校本科招生网http://zsjy.gzhu.edu.cn的报考指南->往年数据栏目，或关注“广大招生”微信公众号进行查询
512,0,校考具体在什么时候,2020年播音与主持艺术专业校考将采用线上考试形式。大约3月底开放报名，4月底左右进行考试。请关注“广大招生”微信公众号，我们将会第一时间推送报名通知。
513,0,请问贵校在甘肃招不招收编导考生，如果招的话，请问分数在什么范围？,今年在甘肃将会投放招生计划，往年的录取情况请浏览我校本科招生网http://zsjy.gzhu.edu.cn的报考指南->往年数据栏目，或关注“广大招生”微信公众号进行查询
514,0,您好我是广东省考生想咨询一下贵校今年是否会增加广东省广编招收名额?谢谢,目前招生规模尚未下达，专业计划数未定。
515,0,您好!我是广东省考生想咨询一下！1.广大今年对于广东省统考广编招生名额是否会有所增加？,目前招生规模尚未下达，专业计划数未定。
516,0,老师您好，请问播音主持会以什么方式进行？什么时候可以报名呢？感谢您,2020年播音与主持艺术专业校考将采用线上考试形式。大约3月底或4月初开放报名，4月底左右进行考试。请关注“广大招生”微信公众号，我们将会第一时间推送报名通知。
517,0,因为广东省部分专业没有统考只能校考，请问贵校今天单考招生是否会采取线上考试政策，还是等到高考后再进行考试？,2020年播音与主持专业校考将采用线上考试形式。大约3月底或4月初开放报名，4月底左右进行考试。请关注“广大招生”微信公众号，我们将会第一时间推送报名通知。
518,0,请问贵校播音与主持艺考时间是什么时候？以什么方式艺考？考试是考什么内容？,2020年播音与主持专业校考将采用线上考试形式。大约3月底或4月初开放报名，4月底左右进行考试。考试内容不会超出招生简章范围。请关注“广大招生”微信公众号，我们将会第一时间推送报名通知。
519,0,今年播音主持专业的考试方式是什么,2020年播音与主持艺术专业校考将采用线上考试形式。大约3月底或4月初开放报名，4月底左右进行考试。请关注“广大招生”微信公众号，我们将会第一时间推送报名通知。
520,0,贵校去年在湖南省编导专业的录取分数是多少,请浏览我校本科招生网http://zsjy.gzhu.edu.cn的报考指南->往年数据栏目，或关注“广大招生”微信公众号进行查询
521,0,贵校今年广电编会扩招吗？,目前招生规模尚未下达，专业计划数未定
522,0,各位老师辛苦，我的问题是关于艺术校考报名的，我有看见公众号上说到推迟报名时间与考试时间，那现在报名窗口何时可以开启呢？,2020年播音与主持艺术预计在3月底开放线上报名，本专业仅面向广东生源进行校考，其他省份情况请参考本科招生网公布的招生简章。请关注“广大招生”微信公众号，我们将会第一时间推送报名通知。
523,0,您好！贵校还会再次开放报名通道吗？,我校报名平台尚未开放，预计3月底会开放，请关注“广大招生”微信公众号，我们将会第一时间推送报名通知。
524,0,老师您好，我是20届的播音主持专业的考生，对于贵校，它一直是我梦寐以求想去的学府，因为疫情未能开始进行考试，我的心里有些踌躇，我有几个问题希望老师帮我解答一二，“贵校会否进行线上考试”“考试时间大概在什么时候”“对于文化课的要求大概在多少”以上是我想要咨询的问题，望老师解...[详细],1、2020年播音主持专业校考将采用线上考试形式。2、2020年播音与与主持艺术将会在4月底左右进行。3、文化分须在本科线上，按综合分高低择优录取。可参考本科招生网上往年数据。我校报名平台尚未开放，请关注“广大招生”微信公众号，我们将会第一时间推送报名通知。
525,0,还会在线下去办校考吗，如果举办的话在高考前还是高考后,国标方向进行线下考试，预计在高考后2周内进行。
526,0,请问本大学近年来分数线,请浏览我校本科招生网http://zsjy.gzhu.edu.cn的报考指南->往年数据栏目，或关注“广大招生”微信公众号进行查询
527,0,美术216文化374综合474排位13572进入贵校的几率有多大,这个排位可能进不了
528,0,有望被贵校录取吗？,机会不大，去年线差51分
529,0,广东文科565能上吗？有想报的第一专业但是担心上不了，如果上不了我想去汉语言文学的师范。可是如果在提前批报了师范我就百分百去不了我想去的专业。所以如果我在本科一批报了汉语言文学非师范开学后能转师范吗？,可以冲一冲，可以申请转方向
530,0,老师您好，我是福建考生，高考分数558，排名12149，能被贵校软件工程专业录取吗,可以冲一冲，专业冷热兼报
531,0,广东理科生色盲，请问招生专业目录上没有注明色盲限报专业的其他专业都可以报吗,请参考《普通高等学校招生体检工作指导意见》
532,0,广东理科522分，排名49922名，录取的机会大吗？这个排名能报热门专业吗？,可以冲一冲中等热门专业，冷热兼报
533,0,"您好.贵校去年文史类在海南的最低录取分数为695,位次大约为1256.我的分数是海南文史类700,相当于去年697,位次大约在1230左右,请问这样较为具体的数据如果误差不大的话,您年是否有希望录取?另,服从调剂不退档?谢谢!",可以冲一冲，填好保底院校。出档考生只要体检合格、服从调剂不退档
534,0,请问广东理科504报贵校的地方专项机会大吗,请参考去年排位，冲一冲
535,0,广东考生理科517，排名54928，能上广大吗,可以冲一冲，填好保底院校
536,0,11078,国标代码11078，广东教师专项20178，广东农村专项31078
537,0,根据考试院发的书，贵校在湖北只投放了4个专业，该怎么填,按个人喜好填报，分档原则为考生之间分数优先，考生个人志愿优先
538,0,我想问一下音乐学（统考）的专业代码是多少,以考试院制作的招生专业目录公布为准
539,0,本人编导术科218分，文科文化分440，专业排位873，进入贵校可能性有多大？,因今年第一年实行统考，暂无往年排位数据参考
540,0,想知道贵校英语专业什么时候分流？分为哪些类？,请咨询020-39366810
541,0,报考贵校的法语专业能不能也修习英语？或者辅修英语？如果可以，将来能从事英语教学工作吗？两个问题希望得到老师解答，谢谢~,可以辅修英语，就业择业与录取专业可以不相关
542,0,你好，老师。请问：1.广东理科排位48575总分524报考贵校有多大把握？专业可选择性怎样？2.如果在提前批里填报广州大学的提前批·本科·非军检体检院校的师范类专业，录取时被退档了，本科批次的广州大学志愿还能正常检索报考吗？,1、可以冲一冲中等热门专业。2、正常检索
543,0,您好！江苏理科考生362分，位次38102，报考贵校有希望吗，如果服从调剂还会被退档吗，谢谢！,去年线差18分，可以冲一冲
544,0,1.广东理科排位48757总分524报考贵校有多大把握？专业可选择性大吗？2.还有就是，在提前批里填报提前批·本科·非军检广州大学的师范类，如果在录取时被退档了，那本科批次的广州大学志愿还可以检索吗？谢谢！,1、可以冲一冲中等热门专业。2、可以再次检索
545,0,山东文史类考生，位次11646，服从调剂能否被贵校录取？,去年本科线差84，仅供参考
546,0,1）山东文科考生，7000位次，如果被录取，是否能转入法律专业？什么时间能转，成功率大约多少？2）考研率大约多少？谢谢,一至三年级每个学期可以申请转专业一次，2018年70%申请的学生成功转入新专业
547,0,请问广东文科19917能否冲一下贵校,比较难，可以试试，填好保底院校
548,0,你好，高考分数342分，可以上贵校的专科或者分校吗？,没有招生计划
549,0,河南理科573，排名32000左右，录取机会大吗,去年线差71，可以冲一冲
550,0,贵校地方专项代码是11078还是31078,30178
551,0,广东考生地方专项533有机会吗,地方专项去年录取最低排位在文科二万五，理科六万三左右
552,0,我是福建考生理科548位次15023报考计算机专业有希望吗转专业又是如何实行的呢。,去年的线差为57，可以冲一冲试试。一至三年级可以申请转专业，转出无门槛，转入有要求，转入专业需要考试
553,0,本省的，招生专业目录中有贵校的机械制造与自动化专业。,我校校本部没有专科，请咨询专科学院
554,0,老师您好！我是辽宁理科考生，569分，位次18285，服从调剂有希望被您学校录取吗，谢谢！,去年本科线差212分，您的线差是200分，也可以冲一冲，填好保底学校
555,0,你好广东生请问综合分483排名848录取贵校机会大吗,往年广编是校考，没有参考排位信息，建议按招生章程中说明的综合分公式计算一下，与往年最低分比较一下作为参考。广编是平行志愿投档，可以大胆冲，冲不上不影响其他院校志愿的录取
556,0,我想报考广州大学，但是又想选到自己喜欢的专业（法学），若我不服从调剂，会被贵校录取吗？,若您报的6个专业志愿都已录满，不服从调剂则会被退档，建议服从调剂
557,0,您好，我是今年安徽文科考生，若以562分12819的省排名报考贵校，希望大么。谢谢您,去年线差是13分，可以冲一冲
558,0,请问理科504，排名6万多能上贵校吗,比较难
559,0,请问云南文科考生4019名能上贵校吗,去年线差28分，线差比这个高建议冲一冲
560,0,广东文科考生排名12630，能报考贵校吗,可以冲一冲
561,0,云南文科590，能录取吗,参考去年线差28分，有机会，冲一冲
562,0,广东理科509分，排位62000.是否可以录取贵校所设专业,应该不行
563,0,2019.文科高考458分，可以读贵校吗,应该不行
564,0,很喜欢贵校的汉语言文学（师范），但是今年考试只考了548分，省排18881，报提前批是不是没有希望了？,应该不行
565,0,老师，您好，我是安徽省文科考生，563分，全省排名12311名，被贵校一本录取的概率有多大？烦请老师回复为念，谢谢！,与去年线差相同，可以冲一冲试试
566,0,广东文科541排位23521可以么,应该不行
567,0,贵校专科批次有开设英语专业吗？可以专升本吗？483分能选读贵校专科的什么专业？,校本部没有专科专业
568,0,福建考生571分省排3832志向广告学有希望录取贵校吗,我校目前没有广告学专业
569,0,云南文科考生，599，排名2984，报考贵校应用心理学把握大吗？,有机会，建议报考
570,0,你好，请问广东文科生有地方专项的话，546有机会吗,排位在二万五左右可以冲一冲
571,0,广州大学2019年招广东省的专科生吗,校本部不招专科，二级学院招专科
572,0,广东理科514排名57063能上吗,机会不大
573,0,希望贵校老师能解答,不大
574,0,您好，招生章程上写提档为100%-120%，后20%会不会退档？另外如果遵循调剂的话，是调剂到本省专业录取计划中的专业还是调剂到其他省份未招满的专业里面？,平行志愿投档的专业，体检合格，服从调剂概不退档。调剂是调到本省招生专业目录中其他未录满的专业
575,0,安徽文科考生571分，9300名，录取贵校有可能吗？,按去年的录取线差，有机会，大担报
576,0,您好，我是广东理科生，我今年高考考了519分，排名52504，请问是否能进入贵校的物联网工程专业？谢谢。,这个排位需要冲一冲，专业冷热兼报，服从调剂
577,0,您好，招生章程上写提档为100%-120%，后20%会不会退档？另外如果遵循调剂的话，是调剂到本省专业录取计划中的专业还是调剂到其他省份未招满的专业里面？,普通类平行志愿投档，服从调剂，体检没有问题的概不退档。
578,0,您好，我是山西考生。我的高考成绩为540，在山西省排名17700，报考贵校的法学可以被录取吗？,应该不上线
579,0,您好我是广东文科生545分排名两万名上下有希望报考贵校吗,2万名后机会不大
580,0,我是一名2019年安徽文科考生，高考分573分，省排名8511，报贵校，机会大吗,去年我校线差为13分，应该有机会
581,0,报考贵校的希望大吗?,去年我校在福建线差为31，应该有机会
582,0,请问贵校还招专科吗？,校本部没有专科
583,0,总分502排位69388是否有希望读贵校的汉语言专业提前批,参考往年数据，应该不行
584,0,高考理科517，排名5w4能进广大物联网吗,参考去年排位情况，这个专业排位在5万左右，需要冲一冲，我校还有很多课程相近的其他专业可以选择
585,0,请问2019深圳考生，理科406分可以上贵学校吗？,往年我校在优先投档线上十来二十分左右完成录取
586,0,请问2019深圳考生，406分可以上贵学校吗？,往年我校在优先投档线上十来二十分左右完成录取
587,0,请问2019年省排位一万六能报考贵校吗？,文科可以冲一冲，填好保底院校
588,0,针对贵校的只面向广西理科招土木类专业问题，我想请问我服从调剂的话会不会有可能调到其他专业，例如调到去年招理工类，今年只招文史类的金融?如果不能的话，是不是服从调剂与否没有区别？再请问贵校大二转专业难吗？,土木类共有3个专业方向，第二年实行专业分流，专业目录需要经过广西考试院通过，今年暂未增加其他专业。我校前三年每个学期末均接受考生转专业申请，转出无门槛，转入有要求，转入的学院需对学生进行考试。
589,0,广州大学不在江西招生吗？为什么查不到往年录取线,请查看网站公布的往年数据，http://zsjy.gzhu.edu.cn/info/1023/2055.htm
590,0,贵校是否有专业级差？,分数优先，没有级差
591,0,贵校是否有专业级差？,分数优先，没有级差
592,0,广州大学有师范类专业吗？,有的，提前批共有13个师范类专业，本科批有1个，详情请浏览招生计划表http://zsjy.gzhu.edu.cn/info/1022/2851.htm
593,0,你好！我是广东考生，文科520成绩，排名34690可以报英语专业吗,本科估计不行
594,0,文科成绩555，排位15157，录取机会大吗,风险较大，可以冲，但一定要填好保底院校
595,0,综合成绩：专业成绩/专业满分*60+文化成绩/文化满分*40，算出最终结果是百分制吗？,是的，省统考综合分是750分制，公式为：专业*0.4+术科*1.5
596,0,省内美术考生：今年术科237分、文化337分，报考贵校机会大吗？,有机会，可以冲，填好保底院校
597,0,老师你好，广东考生，理科，女，467分，排名103039，想报考贵校，请问有没有被录取的机会？,我校所有专业往年均在一本招，去年理科录取最低排位在48000左右
598,0,您好！我是一名河南理科考生，我对贵校的录取是侧重分数差还是省排名有困惑，因为如果我按照17年的分数差65（而我的分数差为67）是过线的，可是若是按照省排名17年的最低排名次在29156，可是我今年的高考成绩名次在36312，注明一下：今年河南高考的考生数新增加了很多。,平行志愿，按排位投档。我们的招生计划少，录取排位的高低要看考生报考情况
599,0,本人排位24192，请问有机会上广大吗,文科没有，理科有
600,0,您好！我是广东考生，文科，553，填报贵校的汉语语言提前批，录取几率大吗？,还要看排位，可以冲一冲，有风险，做好保底
601,0,1.是分数优先还是志愿优先还是其他？2.有专业级差吗？,分数优先，遵循志愿，考生之间分数优先，考生本人志愿优先，没有专业级差
602,0,44700名左右有机会报考建筑学吗,机会不大
603,0,1.非师范类专业能转师范类专业吗（不是定向的）？2.转专业的成绩是指基础课程的成绩还是专业课程的成绩？3.贵校能修双学位吗？,1、可以；2、转入专业考试；3、可以。
604,0,今年为什么没有开设信息安全专业？,专业优化整合，可以修读相关专业：信息与计算科学、软件工程、计算机科学与技术
605,0,心理学就业后受众只是学生吗,应用心理学专业学制学位：基本修业年限为四年，授予理学学士学位。培养目标：该专业培养熟练掌握心理学专业知识与技能，能在相关领域从事心理健康教育、心理咨询与干预、人力资源管理与开发或其他心理学应用的高素质创新复合型人才。同时，该专业也为心理学科及其他相关学科输送高质量的研究...[详细]
606,0,"老师好，我是江苏理科考生，总分349，超一本线13分，省排名3万9千名，物理B化学C,成功报考回校土木类专业的可能性大吗",去年的专业线差是17分，供您参考
607,0,老师好我是湖南文科考生612分。请问今年有希望被贵校录取吗,去年的线差是41分，请参考大致排位，我们招生计划少，排位高低由报考的考生决定
608,0,您好，我是今年文科高考生，高考分数558，省排位13738，我进入贵校几率大不大？,有机会，可以冲，填写好保底院校
609,0,请问贵校历年录取分数线较低的专业有哪些？O(∩_∩)O谢谢,可参考以下链接http://zsjy.gzhu.edu.cn/info/1023/1724.htm
610,0,老师您好！请问教师专项的志愿填报是在第二时段吗？读教师专项可以修双学位吗？,学校第二学位是另行收费。我校今年是第一次有教师专项，定向公费学生能否修双学位待学校研究。
611,0,你好！我的高考分数为术科228文化科409综合分759综合分省内排名为759请问被贵校录取的机会大不大？,按去年的排位分有机会，仅供参考
612,0,提前批非军检院校的是什么时候报的？会比本科批提前录取吗？会影响本科批的录取吗？这里报了，同一所学校的其它专业可以放到本科批那里报吗？谢谢,第二时段：6月27日20：00－7月2日18：00。本时段除提前批需政审(政治考核)、面试、体检的军队、武警、公安、司法以及招收飞行技术专业等院校以外，其他所有各批次、各科类院校志愿均需在本时段填报。所有考生（包括已在第一时段已填报的考生）必须在本时段填报其他所有院校志愿并网上确认志愿...[详细]
613,0,广东文科568机会大吗,可以大胆报考
614,0,广东美术生文科综合分518排位2103，录取贵校希望大吗，往年美术类录取最低排位多少名，分数线参考多少分,有较大希望，去年排位综合468
615,0,想在今年的提前批批次冲一下贵校，如果被提前批的师范类专业录取，请问入学后能否转出师范类专业？,可以，转出无门槛，转入有要求，通过相关专业考试即可转入
616,0,想在提前批批次冲一下贵校，如果被提前批的师范专业录取了，入学后能不能转出师范类专业？,只有师范专项不允许转专业，其他提前批师范类均可申请转专业
617,0,33400名左右能不能读建筑学,有机会，大胆报考
618,0,您好，我是体育舞蹈专业国标方向的，江西省的考生能不能报考你们学校的舞蹈编导？谢谢,有国标特长的话，可以报考舞蹈编导，入学后再申请转到国标方向
619,0,提前批非军检院校的性质、录取条件等,与本科批无异，分数上线即可录取
620,0,贵州文科621分可不可以报贵校？,往年线差为60分，可以冲，但要填好保底院校
621,0,请问广东理科生523，报考贵校是否有希望，如果有，可以选专业是否有限,有机会，专业志愿按冷热搭配好方可录到心仪的专业
622,0,老师您好，我是一名河南理科考生，今年的分数为536，超一本线37分，全省排名61702名，想报考贵校，能否考上贵校？,去年线差为65，请谨慎报考
623,0,我是美术生，术科成绩是202，文化课成绩是400，可以报考贵校吗？录取的几率大吗?,有机会，但需要冲，填好保底院校
624,0,老师您好，我是福建考生，总分579，排名3710，能被贵校录取吗？,如果是理科可以大担报，文科要冲，填好保底院校
625,0,统考224，文化383有机会录取广州大学吗？深户有优惠政策吗？,有机会，大胆报考，填好保底院校
626,0,"老师您好,我是广东省术科生统考220，文化330，机会大吗，望回复",有机会，需要冲，填好保底院校
627,0,您好，我想问一下贵校是否还有开设专科专业？如果有是在哪个校区？具体收费情况有么有文件可以参考呢？我是广东考生,专科是二级学院，请咨询纺织服装学院（81981109）或市政技术学院（86949980）
628,0,老师您好，我是一名来自福建的文科考生，高考分数573，省排名4441，有希望报考贵校吗？,有点悬，可以冲，要填好保底院校
629,0,在服从调剂的情况下，请问到达该校投档线但未达专业录取分数线，会被退档吗？且若被调剂，会去哪些专业？,平行志愿按招生计划1:1投档，投档以后，只要考生符合录取要求，服从调剂，学校不会退档，若考生所报的专业志愿均不上线，将会调剂到相近的专业
630,0,老师好，我是广东考生，文科560，排位12911，有可能被录取吗,机会较大，欢迎报考，大胆填报，做好保底
631,0,今年的招生人数相比去年有扩招吗？我在广东省理科排名5万名左右，报考有机会被录取吗,今年理工类计划略微增加，可以冲一冲，做好保底
632,0,未在贵校招生简章内了解广东省今年统考的录取方式。是统考成绩从高到低，还是统考校考折合从高到低，或是专业、文化分开按比例录？,广东艺术类统考的投档方式是按文化分占4成、术科分占6成折算成综合分进行排序，按平行志愿方式投档我校录取原则请参考我校2018招生章程http://zsjy.gzhu.edu.cn/info/1021/1794.htm
633,0,省内21个贫困县招收农村考生专项计划具体有什么要求？,以下信息供您参考： 1、工作通知http://www.eeagd.edu.cn/portal/messages/1522288023760.html 2、公示名单http://www.eeagd.edu.cn/portal/messages/1529916472551.html
634,0,您好我想问贵校的舞蹈编导（国标）专业承认江西考生的统考成绩吗？还是只招广东考生？你们的招生计划表中没有写舞蹈编导（国标），只有舞蹈编导谢谢🙏,国标方向属于校考专业，只在广东省招生，如果您有国标特长，也可以报考舞蹈编导，入学后申请调整专业方向
635,0,我想咨询一下关于提前批教师专项是否具有限制分数线，若有，请说明一下谢谢500分左右参加这个计划有希望吗？,教师专项文科控制线530分，理科控制线480分
636,0,我是宁夏考生，今年理工510分，宁夏排名5317，可否上贵校,参考去年的录取情况，可以大胆报考
637,0,我是宁夏考生，今年理工510分，宁夏排名5317，可否上贵校,参考去年的录取情况，可以大胆报考
638,0,请问贵校的“特殊教育”专业具体是什么？“特殊”指的是哪方面的“特殊”？,特殊教育专业 本专业学制4年，授予教育学学士学位。人才培养方面秉持“实理论、重实践、强能力、力创新”的原则，培养掌握现代特殊教育理念、拥有多学科知识技能、兼具国际教育视野、具有良好职业道德、具备实践创新精神、富有人文科学素养、思想政治坚定、能够满足时代发展需求的特殊教育专业...[详细]
639,0,广东理工515分，排名56000，有希望报读贵校的数学与应用吗？,有点悬，可以冲一冲，一定要填好保底学校
640,0,广东考生，理科517分，排名54435，有机会被贵校录取吗？,按往年录取情况，这个分数比较难，也可以冲一下，后面一定要填好保底的院校，提前批和本科批都冲一下，祝你好运
641,0,今年广州大学是否会采取分数级差录取如果是，之怎样的方案？,分数优先，遵循志愿，没有专业级差
642,0,请问贵校的舞蹈编导国标舞方向承认江西考生的联考(统考)成绩吗？没有参加贵校的校考如果承认的话，在江西的拟招生名额是多少个啊？,今年外省艺术类认可统考成绩，招生计划请浏览官网http://zsjy.gzhu.edu.cn/info/1022/1788.htm，录取原则请浏览招生章程
643,0,老师你好，湖南579分，高出一本线66分，位次19000，有机会报考贵校吗？,有机会，欢迎报考
644,0,您好，我想问一下贵校是否还有开设专科专业？如果有是在哪个校区？具体收费情况有么有文件可以参考呢？,专科是二级学院，不是校本部，只招广东生源
645,0,我是广东考生，理科高考523分，有多大可能上贵校的机器人工程,机器人工程专业比较热门，你可以冲一冲，其他课程相近的专业也不少，建议你都可以填上
646,0,您好，我是海南理工考生，高考成绩649分，比省控线超110分，位次4908，有希望被贵校提档吗？谢谢,按去年的录取情况，可以冲一冲，但要填好保底院校
647,0,山东理科考生559分，位次49600.可以报考贵校吗?谢谢！,可以冲一冲，但一定要填好保底院校
648,0,你好，海南考生，理科，598分，请问贵校今年在海南录取分数线多少。,录取分数线在投档后产生。我校去年在海南理科线差139分，您的线差为59分，请谨慎报考
649,0,分数579，位次11271，报考贵校录取几率大吗？,去年我校在山东的文科线差是78分，您的线差是74分，可以冲一冲
650,0,广东文科生，总分547，排名18952，是否有机会录取？,与去年最低排位有点距离，但今年政策变化较大，可以冲一冲，但一定要填好保底院校
651,0,老师您好，我是今年河南文科考生，总分589分，全省位次7300多，请问上贵校法学或英语专业可以么？,去年我校法语专业线差48分，可以冲一冲
652,0,我是广东考生，今年理科507分，排名6.3万。请问可否上贵校？是否有历年的分数统计表和专业分数统计表（包含最低排名）？非常感谢！,您的排位达不到往年的数据，请谨慎报考。我校往年录取数据请访问http://zsjy.gzhu.edu.cn/bkzn1/wnsj.htm
653,0,2018年地理专业的录取分数线是多少,投档才会产生分数线，往年数据如下http://zsjy.gzhu.edu.cn/bkzn1/wnsj.htm
654,0,老师您好，我是安徽考生，文科601分，省3672名。请问能进广州大学吗？,参考去年的安徽文科线差45分，您的线差为51分，机会比较大，欢迎报考
655,0,老师您好，内蒙古考生超一本63分，有希望被贵校录取吗,去年线差为39分，机会比较大，欢迎报考
656,0,福建文科生，女，579分，位次3694，能报贵校吗,群线差为32分，您的线差为28分，可以冲一冲，仅供参考
657,0,老师好，请问2017年在湘招生最低排名为多少,去年文科线差41分，理科60分，仅供参考
658,0,请问今年的四川理科考生高出一本线19分有多大机会就读贵校呢？,19分有点危险，请谨慎报考
659,0,贵校有什么专业入学后加试美术，以及入学后加试美术不及格的后果。,美术类、音乐类、体育类及高水平运动队入学后须进行专业科目测试，发现异常的按国家有关规定进行处理
660,0,该校今年在河南招生吗？该校的收费状况是什么,可在以下网页查询招生计划及收费，也可以关注微信公众号“广大招生”获取招生计划信息，欢迎报考广州大学。http://zsjy.gzhu.edu.cn/info/1060/1332.htm
661,0,请问在2016招生专业目录中，广州大学有些专业没注明办学地点，请问这些专业的办学地点是？,本科学生报到地点为广州大学大学城校区和桂花岗校区。其中经济与统计学院、工商管理学院、法学院、公共管理学院的新生第一学年在桂花岗校区就读，第二至第四学年在大学城校区就读；其他学院的新生在大学城校区就读。
662,0,你好，我是美术生，术科198，文化378，有机会上贵校的3A线吗？,请电话咨询020-86949980或81981109
663,0,你好，老师。贵校在山东是第一年招生，没有参考数据。请问608理科能否报考贵校？可以报贵校的那些专业？,根据往年其他省份第一年的报考情况判断，我们估计只要达到一本线的考生，填报广州大学录取的机率都非常大。
664,0,您好，我是广西考生。我想咨询一下，报读贵校的专科，需要什么条件呢？,我校没有在广西招专科
665,0,老师您好，我是安徽理科考生，高一本41分，排名28870，能上你们学校吗？若能，请推荐一些专业，谢谢,考生可参考我校往年各专业的录取分数（可在我校招生专题网（网址：http://zj.gzhu.edu.cn/zszw/index.asp）上查询到历年的录取分数
666,0,福建理科成绩高于一本线70多分，排名12000多名，能进贵校吗？,根据往年的报考情况判断，填报广州大学录取的机率非常大。
667,0,请问填服从调剂会被调剂到中外合作的高价专业吗？,不会
668,0,文科520分，排名14200，请问报考贵校稳妥吗？宿舍是几个人一间的？有独卫吗？有空调吗？,根据往年的报考情况判断，我们估计只要达到一本线的考生，填报广州大学录取的机率都非常大。广州大学大学城校区新生住宿费收费标准：1000元/学年。舍内生活设施齐全，均有中央空调设施（按大学城能源公司收费标准交费使用），网络通信入室，热水供应到房，并配有公用的投币洗衣机。
669,0,本人高出文科重本线11分，排名1万2千几，录取希望大吗,根据往年的报考情况判断，我们估计只要达到一本线的考生，填报广州大学录取的机率都非常大。
670,0,2016广理400，能否投档进专科专业？,请电话咨询020-81981109或86949980
671,0,福建理科540，高一本线75，能进贵校吗？,去年我校在福建理科高出一本线54分，根据往年的报考情况判断，填报广州大学录取的机率非常大。
672,0,老师，你好，我想问你贵学校是不是也招专科生的？我在首页看到的，有分本专科类的专业，要是招的话，我428分的成绩可以吗？谢谢老师。,请电话咨询020-81981109或86949980
673,0,老师您好，我是山西省文史类考生，今年高考526，高一本线8分，报考贵校有希望吗？,根据往年的报考情况判断，我们估计只要达到一本线的考生，填报广州大学有录取的希望
674,0,老师您好：我是山西理科考生，超本省一本控制线10分，报考贵校的把握有多大？谢谢！,根据往年的报考情况判断，我们估计只要达到一本线的考生，填报广州大学录取的机率都非常大。
675,0,老师您好：我是山西考生，分数超本省一批控制线10分，报考贵校的把握有多大？谢谢！,根据往年的报考情况判断，我们估计只要达到一本线的考生，填报广州大学录取的机率都非常大。
676,0,老师：你好！我是湖北考生，湖北文史类一批起分线为520，本人考分为525分，想报贵校的第一批，不知能否被录取，谢谢！,2015年湖北文史我校高出湖北一本线16分录取，请根据往年的报考情况判断
677,0,您好，请问广州大学修双学位：国际经济与贸易和工商管理可以吗?请问在广州大学文科专业排名有吗？谢谢,学生在学有余力的前提下，经申请批准，修满专业必修课程30学分颁发专业辅修证书；修满45学分(其中专业必修课程30学分，专业选修课程15学分)颁发第二专业毕业证书；修满60学分，并完成毕业实习、毕业论文，可授予第二学士学位。
678,0,老师你好，我是安徽文科考生，554分，省位次4862，报贵校希望多大？,根据往年的报考情况判断，我校去年超出安徽文科31分。
679,0,老师你好，我是福建文史考生，总分547，超出一本线46分，全省排名2192，想填报贵校金融或法学专业，请问能够通过机会大吗？谢谢。,在填报我校的专业志愿时，考生可参考我校往年各专业的录取分数（可在我校招生专题网（网址：http://zj.gzhu.edu.cn/zszw/index.asp）上查询到历年的录取分数，也可查询省教育考试院印发的普通高考《报考指南》），注意专业冷热搭配，填专业志愿服从分配会增加被录取的机会。
680,0,您好啊我对于报考贵校的部分专业的把握还是不大您可以帮我分析一下吗作为一名广东的文科生我的排位大概是一万一千九百多名比重点线高14分我最想报考贵校的网络与新媒体专业请问我把他作为第一志愿的第一专业被录取的可能性大吗因为得知贵校专业录取是以分段清与志愿优先的原则来录取那么是不...[详细],在填报我校的专业志愿时，考生可参考我校往年各专业的录取分数（可在我校招生专题网（网址：http://zj.gzhu.edu.cn/zszw/index.asp）上查询到历年的录取分数，也可查询省教育考试院印发的普通高考《报考指南》），注意专业冷热搭配，填专业志愿服从分配会增加被录取的机会。
681,0,您好！我是美术生，文化成绩368分，美术成绩216分，专业服从分配，这样有希望被贵校录取吗,没有上一本线
682,0,老师，您好！我是贵州文科考生，440分，请问能报贵校专科工商企业管理专业吗？有希望吗？谢谢,我校没有在贵州招收专科
683,0,请问如果我服从调剂，是否可能被退档,根据往年的情况，注意专业冷热搭配填报志愿，考生基本可以在所填报的专业志愿里面录取。个别考生因为所填报的都是热门专业，导致在录取时出现志愿落空的现象。针对这种情况，我们会在还没录满的专业进行调剂录取，调剂时会根据考生的各科成绩、专业空缺情况等来安排录取。
684,0,如果被贵校提档，服从分配，是否承诺不退档？,根据往年的情况，注意专业冷热搭配填报志愿，考生基本可以在所填报的专业志愿里面录取。个别考生因为所填报的都是热门专业，导致在录取时出现志愿落空的现象。针对这种情况，我们会在还没录满的专业进行调剂录取，调剂时会根据考生的各科成绩、专业空缺情况等来安排录取。
685,0,美术生，术204，文298，有希望被贵校录取吗？,请电话咨询020-81981109或86949980
686,0,366可以读专科吗,请电话咨询020-81981109或86949980
687,0,2016广东理科518分，排位约51200，有机会报贵校吗？谢谢,根据往年的报考情况判断，我们估计只要达到一本线的考生，填报广州大学录取的机率都非常大。
688,0,我考546能上贵校不,我校今年没有陕西的招生计划
689,0,老师您好！我是河南理科573分，超一本线50分，贵校有希望录取吗？,根据往年的报考情况判断，填报广州大学录取的机率都非常大。
690,0,福建文科534省排3297可以上贵校吗？,根据往年的报考情况判断，我们估计只要达到一本线的考生，填报广州大学录取的机率非常大。
691,0,请问专科可以报你们贵校吗？,请电话咨询020-81981109或86949980
692,0,就前几年在河北招生情况看，不报国家专项计划，在河北排名多少以内报考贵校有望？,在填报我校的专业志愿时，考生可参考我校往年各专业的录取分数（可在我校招生专题网（网址：http://zj.gzhu.edu.cn/zszw/index.asp）上查询到历年的录取分数，也可查询省教育考试院印发的普通高考《报考指南》），注意专业冷热搭配，填专业志愿服从分配会增加被录取的机会。
693,0,老师，您好。请问贵校今年还会招收3A类的学生吗？,请电话咨询020-81981109或86949980
694,0,我是广东一理科考生，考了434高出二本30分，有机会到你们学校么？,我校没有二本招生
695,0,老师：您好，我想问一下计算机应用技术(专科类)最低招生分数是多少？,请电话咨询020-81981109或86949980
696,0,你们在湖南的最低录取分数是,考生可参考我校往年各专业的录取分数（可在我校招生专题网（网址：http://zj.gzhu.edu.cn/zszw/index.asp）上查询到历年的录取分数
697,0,请问贵校今年在湖南省招生的分数线大约是多少？我是湖南省的文科考生今年成绩是576，省排名大约在1980左右，不知道是否可以报考贵校.,考生可参考我校往年各专业的录取分数（可在我校招生专题网（网址：http://zj.gzhu.edu.cn/zszw/index.asp）上查询到历年的录取分数
698,0,老师您好，我是广东省东莞市文科生，高考分数498，高出二线81分，被贵校录取的可能性大吗？,我校没有二本招生计划
699,0,老师你好，我是安徽文科考生，554分，省位次4862，报贵校希望多大？,考生可参考我校往年各专业的录取分数（可在我校招生专题网（网址：http://zj.gzhu.edu.cn/zszw/index.asp）上查询到历年的录取分数
700,0,2016新疆文科538分，报考贵校有希望吗,考生可参考我校往年各专业的录取分数（可在我校招生专题网（网址：http://zj.gzhu.edu.cn/zszw/index.asp）上查询到历年的录取分数
701,0,在网页上查不到往年的录取分数，能介绍下往年在河南的录取分数吗？今年理科考560分，录取机会大不大,考生可参考我校往年各专业的录取分数（可在我校招生专题网（网址：http://zj.gzhu.edu.cn/zszw/index.asp）上查询到历年的录取分数
702,0,你好，我是理科生，想报考贵校工科专业。但是我又喜欢音乐，能选修艺术类专业吗,可以
703,0,贵校哪些专业可修双学位,每年根据学校统一公布的专业报考
704,0,老师您好。我是湖北考生，高考分数566排名25280名，高出一本线54分。报贵校希望大吗？,考生可参考我校往年各专业的录取分数（可在我校招生专题网（网址：http://zj.gzhu.edu.cn/zszw/index.asp）上查询到历年的录取分数
705,0,老师您好。请问贵校今年在四川有招生计划吗？招生人数和性别比例大概是多少？589分可以冲击一下贵校的提档线吗？另，请问贵校的优势专业有哪些，入学后对转专业是如何规定的，谢谢！,可在我校招生专题网（网址：http://zj.gzhu.edu.cn/zszw/index.asp）上查询到历年的录取分数，我校实施学生转专业制度，各专业每学期（第一、二、三、四学期）转出和转入学生的比例原则上控制在本专业年级实际招生人数的5%以内。教学改革项目，转专业人数依据项目计划执行。（一）入学后发现...[详细]
706,0,今年567分高一本22分能报贵校吗？听闻今年又援助中西部招生计划贵校是否有指标？谢谢,我校2015年在广西的录取最低分为文科570，理科533，学校2016年没有援助中西部招生计划 
707,0,老师您好！我是安徽理科今年总分超一本线50分，省排名23836，请问今年贵校招收环境工程专业吗？按以往情况能否录取，女生可以吗?另咨询下贵校毕业生读两专业是否可获双学位证，多谢！,安徽理科今年总分超一本线50分，省排名23836，按以往情况能录取环境工程专业。学生在学有余力的前提下，经申请批准，修满专业必修课程30学分颁发专业辅修证书；修满45学分(其中专业必修课程30学分，专业选修课程15学分)颁发第二专业毕业证书；修满60学分，并完成毕业实习、毕业论文，可授予第...[详细]
708,0,请问高于一本线大概多少分可以报考贵校？,我校2015年在重庆的录取最低分为文科595，理科601
709,0,请问老师：贵校哪些专业对轻度色觉异常（色弱）的考生不予录取？,轻度色觉异常（俗称色弱）不能录取的专业：以颜色波长作为严格技术标准的化学类、化工与制药类、药学类、生物科学类、公安技术类、地质学类各专业，医学类各专业；生物工程、生物医学工程、动物医学、动物科学、野生动物与自然保护区管理、心理学、应用心理学、生态学、侦察学、特种能源工程...[详细]
710,0,请问贵校2014在辽宁的招生计划中有信息安全吗？招多少人,我校2014年在辽宁的招生计划中没有信息安全专业
711,0,您好！估分高出一本线30-40分，被贵校录取的可能性大吗？,根据往年录取情况，新疆近年来未招收汉语言非定向考生，估计录取的可能性较大。
712,0,请问贵校今年在云南有预科生名额吗？文科、理科分别是几个？预科录取一般是在非预科录取分的几分左右？,我校在2014年没有招收云南省预科生
713,0,你好！贵校有师范专业吗？,我校英语、数学与应用数学、汉语言文学、汉语国际教育、地理科学、思想政治教育、化学、教育技术学、学前教育、教育学、心理学、美术学、历史学、生物科学、体育教育、物理学、音乐学、舞蹈编导等18个专业招收师范生。
714,0,老师您好！请问2013年贵校理工科的土木工程专业在海南省的最低录取分数是多少？谢谢！,2013年我校理工科的土木工程专业在海南省的最低录取分数是693分
715,0,请问贵校对内蒙古考生录取规则是分数清还是专业志愿清？,"专业录取按“分段清”原则，将考生高考成绩划定分数段,在同一分数段按“专业志愿优先”的原则录取。"
716,0,您好！我是广东的理科考生。广东有两个志愿组，各有三个院校。如果贵校在第一志愿组未录满，将参加第二志愿组的录取。我的问题是：在分配专业时，是将第一、第二两个志愿组一起分配？还是第二志愿组只分配第一志愿组剩余的专业？请赐教，谢谢！,录取完第一院校组的考生后，再录取第二院校组的考生。所以你说第二志愿组分配第一志愿组剩余的专业是正确的。
717,0,请问贵校有师范专业吗？,我校英语、数学与应用数学、汉语言文学、汉语国际教育、地理科学、思想政治教育、化学、教育技术学、学前教育、教育学、心理学、美术学、历史学、生物科学、体育教育、物理学、音乐学、舞蹈编导等18个专业招收师范生。
718,0,1贵校比较好的专业有哪些？2最好的专业是什么？3哪些专业山东省报考人数多？4贵校2013年理科一本录取的平均分数是多少？5专业之间录取有没有极差？6服从志愿调剂的都没录取吗？,我校在山东没有招生计划。
719,0,2014广州考生理科540录取希望大吗,目前无法回答你这个问题。
720,0,贵校建筑学招生的最低分是多少？,广东考生按照去年的情况超过一本分数线15左右就有希望了。
721,0,老师：您好！我是来自广州的文科生，请问贵校2013年哪个专业录取的分数最低？是多少？入学后还可以转专业吗？,这些问题，建议你登录广州大学招生就业处官网，里面有详细的招生录取数据；关于转专业问题，考生问答也有清晰地解答。
722,0,老师您好！请问贵校有无注册会计师专业，会计和财务管理今年广东招生情况如何？二本A线高多少可就读这两专业，期盼回复，谢谢！,我校的会计学专业在一本招生。
723,0,老师，您好！我今年音乐联考的成绩是226分，文化分估计是400左右，能被贵校录取吗？谢谢！,建议登录我校官网，参考往年数据。
724,0,老师您好！1、请问海南2013年土木工程专业该校的最低录取分数是多少？2、海南实行平行志愿，请问2014年该校的考生专业志愿级差分数设定如何？谢谢！,建议登录我校官网查询往年数据，另外我校没有分数级差。
725,0,文科生可以报建筑学吗？具体要求怎样？,不可以
726,0,河北高于一本线多少比较有把握按照自己填报的专业录取？,按照去年的情况，大概高出10分左右。
727,0,您好，我联考227分，文化441，非广州户口，报贵校有没有把握？？？,按往年录取情况，有机会被我校录取。
728,0,我是广州市体育生，文化科418分，体育专业科206分，报贵校录取的机会大吗？,按往年录取情况，有机会被我校录取。
729,0,您好我是广东省广州市外学生理科生高考分数559高出二A线43分被贵校录取的可能性大吗？,按往年录取情况，录取机会很大。
730,0,你好，我是广东理科学生，今年的高考分数为540分，请问到贵校修市场营销机会大吗？,按往年录取情况，有机会被我校录取。考生应充分考虑平行志愿的特点、利弊以及我校招生计划、热门度等因素，建议第一院校志愿组A志愿报考广州大学；在填报我校的专业志愿时，考生可参考我校往年各专业的录取分数（详见省教育考试院印发的普通高考《报考指南》），注意专业冷热搭配，填专业志愿...[详细]
731,0,您好，我是广东省市外考生文科2013高考成绩569，请问报考该校并服从自愿，录取的机会大吗？,按往年录取情况，录取机会很大。
732,0,我是广东省理科考生，考了574分，想报考会计学专业，请问录取几率有多大,按往年录取情况，录取机会很大。
733,0,您好，我是2013广东文科考生，今年高考569分，服从自愿，请问我有机会报考该校吗？,按往年录取情况，录取机会很大。
734,0,请问贵校校风好吗,我校校风充满正能量
735,0,"我是广东考生,高考成绩排全省15552,能被贵校录取嘛?",按往年录取情况，录取机会很大。
736,0,你好，我是广州市理科考生，总分565，计划以第一专业志愿报考贵校“电气工程及其自动化”专业，请问录取几率如何？,按往年录取情况，录取机会很大。
737,0,我是广东考生，考了546，能报贵校的医药专业吗,我校没有医药专业
738,0,老师我是山西文科考生，高一本线一分报贵校有希望吗,按往年录取情况，录取机会很大。
739,0,你好，我是梅州的艺术生，联考成绩231，文化466，请问被贵校录取的几率大不大?谢谢。,按往年录取情况，录取机会很大。
740,0,我高考分数573，如果第二志愿A报考贵校，贵校是否还会录取,考生应充分考虑平行志愿的特点、利弊以及我校招生计划、热门度等因素，建议第一院校志愿组A志愿报考广州大学；在填报我校的专业志愿时，考生可参考我校往年各专业的录取分数（详见省教育考试院印发的普通高考《报考指南》），注意专业冷热搭配，填专业志愿服从分配会增加被录取的机会。
741,0,你好，我是梅州的艺术生，联考成绩231，文化466，请问被贵校录取的几率大不大?谢谢。,按往年录取情况，录取机会很大。
742,0,超一本15分，报考贵校软件工程专业希望大么。,按往年录取情况，录取机会很大。
743,0,我广东文科489入该校机会多大？,去年文科录取最低507分，请参考。
744,0,"您好，我想问一下广州大学可以同时出现在A,B组里吗？",可以
745,0,我是增城考生，属于广州市内生源吗？我理科537分，能被贵校录取吗？,按往年录取情况，有机会被我校录取。
746,0,我想问一下，贵校又开设双学位修读的吗？,学生在学有余力的前提下，经申请批准，修满专业必修课程30学分颁发专业辅修证书；修满45学分(其中专业必修课程30学分，专业选修课程15学分)颁发第二专业毕业证书；修满60学分，并完成毕业实习、毕业论文，可授予第二学士学位。
747,0,您好，我是佛山市考生，高考成绩560，请问我能有机会就读贵校有关经济和师范的专业吗？那个具体的专业比就有胜算？,按往年录取情况，师范专业录取机会大。
748,0,您好，我是河南理科考生，高出一本线24分，报考贵校会有希望被录取吗？,按往年录取情况，录取机会很大。
749,0,老师您好，我是广东省的应届文科毕业生，广州市外的，今年高考579分，如果报考贵校的地理科学或广播电视新闻学，请问被录取的可能性有多大？服从调配的话可能性会大一点吗？,按往年录取情况，录取机会很大。建议第一院校志愿组A志愿报考广州大学
750,0,老师，什么叫做投档后但发现人数过多，对相关考生采取抛档不退档的政策?什么叫抛档不退档,凡第一院校志愿组报考广州大学的考生，只要达到我校出档线，服从专业调剂，符合录取条件，我校一律不退档，保证录取。
751,0,请问去年山西理科计算机类，机械设计及其自动化（卓越），土木工程录取线为多少了？谢谢！,去年山西理科计算机类，机械设计及其自动化（卓越），土木工程录取线为538
752,0,"你好，我是一名广东高考生，今年理科考了462分，请问这分数能被你校的建筑设备工程技术,机电一体化技术,计算机应用技术录取吗？",去年专科录取最低分482，请参考
753,0,市内570录取机会大吗？如果分数压线被提档（且服从专业调剂）有被退档的风险吗,只要达到我校出档线，服从专业调剂，符合录取条件，我校一律不退档，保证录取。
754,0,我是云南理科考生考了531超一本36分，报考土木工程，城乡规划机会大吗？,按往年录取情况，录取机会很大。
755,0,广州大学招生是不是也招专科，那专科招生会承认广东高考贫困县加分20吗,承认广东高考贫困县加分20
756,0,我理科广东高考479能报读广州大学吗,可以报考，有机会录取
757,0,您好，我是2013广东非广州市户口的音乐生，我术科统考成绩226，高考文化成绩404，如果我第二批A第一志愿填广州大学，请问能不能被贵校录取呢？录取几率多大？谢谢,按往年录取情况，有机会被我校录取。
758,0,"你好,我是广东省内广州市外的考生,556分数有机会进入贵校的机械专业吗?",按往年录取情况，有机会被我校录取。
759,0,分数574，排位22471请问我进贵校的机会大吗,按往年录取情况，录取机会很大。
760,0,我是河南文科考生，分数超一本线31分，全省排名3192，报贵校会计学专业录取希望大吗,按往年录取情况，录取机会很大。
761,0,广州市外，文化分498，术科分221，折合分71.48左右。。。能上广大音乐么？,按往年录取情况，录取机会很大。
762,0,你好，我广东考生（广州市外），理科543分，可以报考贵校吗？,按往年录取情况，有机会被我校录取
763,0,本人广州市外文科考生，583分，想报考贵校历史学专业，请问录取机会大吗？,按往年录取情况，录取机会很大。
764,0,本人非广州市文科考生，583分。想报考贵校国际经济与贸易，金融学，会计学，汉语言文学，公共事业管理，人力资源管理专业，且不服从专业调剂，请问录取机会大吗？,按往年录取情况，录取机会很大。
765,0,您好！我高出一本线1分，能否被贵校录取？希望大不大？请祥答！,按往年录取情况，有机会被我校录取。
766,0,贵校是否对河南招专科生？有哪些专业？要多少分？,专科没有在河南招生
767,0,广东市外报考土木工程的最低排位是多少？47000名有希望吗？,考生应充分考虑平行志愿的特点、利弊以及我校招生计划、热门度等因素，建议第一院校志愿组A志愿报考广州大学；土木工程专业首次在广东一本招生，计划达到313，重点线上考生报考录取计划很大
768,0,你好，我是非广州市内的广东理科考生，高考分数是557，排位是52853，想要报考广州大学，请问被录取的机会大吗,按往年录取情况，录取机会很大。
769,0,您好，我是河南2013届文科应届生，成绩540，超一本21分，意欲报考贵校稍微好点的专业，不服从调剂，录取可能性大吗？,按往年录取情况，录取机会很大。
770,0,老师你好，我是广东非广州市的文科生，今年高考成绩是567，想报考贵校，服从专业调配，请问录取得到么，以及如果录取了能否转专业或兼修其它专业？谢谢,按往年录取情况，录取机会很大。学生在学有余力的前提下，经申请批准，修满专业必修课程30学分颁发专业辅修证书；修满45学分(其中专业必修课程30学分，专业选修课程15学分)颁发第二专业毕业证书；修满60学分，并完成毕业实习、毕业论文，可授予第二学士学位。我校实施学生转专业制度，且各专...[详细]
771,0,老师您好，我是非广州市考生，今年561分报考贵学校录取机会大么，有没有专业选择？,按往年录取情况，有机会被我校录取。考生应充分考虑平行志愿的特点、利弊以及我校招生计划、热门度等因素，建议第一院校志愿组A志愿报考广州大学；在填报我校的专业志愿时，考生可参考我校往年各专业的录取分数（详见省教育考试院印发的普通高考《报考指南》），注意专业冷热搭配，填专业志愿...[详细]
772,0,老师您好，我很喜欢这间学校，但我的文化成绩优势不大，如果报考贵校大约录取率占百分之几？今年贵校是否扩大招生？,今年音乐招生计划比去年略有增长
773,0,您好，我是山西理科考生，超过二本24分，能进贵校吗？需要什么条件呢？,按往年录取情况，录取机会很大。建议第一院校志愿报考广州大学
774,0,我考的是3+1证书的高考，这次高考考了304分，不知道广州大学录取机会有多大?,按往年录取情况，录取机会很大。
775,0,我是今年应届艺术生，术科228，文化382.按统考成绩报读贵校音乐学专业，录取机会大吗？,按往年录取情况，有机会被我校录取。
776,0,我是广东考生，今年高考理科560分，报考贵校的工商管理或者应用心理学能录取吗？谢谢。,按往年录取情况，录取机会很大。
777,0,我是广东体育术科考生，想问下去年录取的最低分数线是多少。,广东体育术科考生，去年录取的最低分数线是专业术科分238，或文化分444
778,0,您好，请问广州市外文科587分报考贵校公共事业管理专业机会有多大？,按往年录取情况，录取机会很大。
779,0,我是2013年应届艺术生，术科228，文化382.请问报读贵校录取的机会大吗,按往年录取情况，有机会被我校录取。
780,0,您好！我是安徽理乎考生，今年高考分为534分，高一本线44分，想填报贵校土木工程专业希望大吗？,按往年录取情况，有机会被我校录取。
781,0,您好，我是广东省理科考生，高考成绩是555，想问能否被贵校法语或日语专业录取？,外语类第一次招收理科生，有机会被我校录取。
782,0,您好。我是广州市外理科考生，成绩578，如果报贵校的一批专业，能录取到吗,考生应充分考虑平行志愿的特点、利弊以及我校招生计划、热门度等因素，建议第一院校志愿组A志愿报考广州大学。录取机会很大。
783,0,河南文科考生，488分，过二本23分，能不能报考贵校，几率大不大。谢谢,我校在河南录取线是一本线
784,0,河南理科考生524超出一本19分，能不能冲一冲建筑学,按往年录取情况，有机会被我校录取。
785,0,老师，您好。我是非广州的广东理科考生，561分，我想请问您我填贵校2A专业，服从调剂，被录取机会大么？调剂都是2A的吗，会不会调到3A的？谢谢,按往年录取情况，录取机会很大。调剂的是在本科专业
786,0,你好，我是广东的考生文科563分排位31000广州户口想读英语和思想政治教育专业服从调配录取机会大吗？谢谢,按往年录取情况，录取机会很大。
787,0,今年理科591分报考广大把握大吗？,按往年录取情况，录取机会很大。
788,0,《广州日报》两次刊登贵校出台优秀学生免费就读师范专业的政策、其中包括13个师范专业的消息，但我在《招生目录》上查找不到相关信息，在贵校网站也查找不到，请问这个政策具体是怎样的？除成绩达到重本线外还有其他条件吗，比如毕业后支教？在哪里可以查找到相关政策信息？,重点线上考生报考如下师范专业全免学费：数学与应用数学、英语、汉语言文学、地理科学、思想政治教育、化学、教育技术学、学前教育、教育学、心理学、历史学、生物科学、物理学等13个专业。
789,0,您好，我是今年理科生，我550分左右，超二本30多分。请问报读本校工商管理系机会大不大？,按往年录取情况，有机会被我校录取。
790,0,您好，我是音乐术科生，我的术科成绩是166分，文化成绩是304分，被贵校录取机会有多大？,你的分数没上线，不能录取
791,0,老师好，我是河南理科考生，分数高出一本线34分，被贵校录取的可能性如何？可以自己挑专业吗？,按往年录取情况，录取机会很大。填报我校的专业志愿时，考生可参考我校往年各专业的录取分数
792,0,老师，您好，我是顺德考生，今年高考的成绩是567，我服从分配，请问我被贵校录取的几率大吗？我真的很想进入贵校学习，望回复。,按往年录取情况，有机会被我校录取。
793,0,广东市外理科563分能读电气工程及其自动化吗？,可以报考。建议第一院校志愿组A志愿报考广州大学；在填报我校的专业志愿时，考生可参考我校往年各专业的录取分数（详见省教育考试院印发的普通高考《报考指南》），注意专业冷热搭配，填专业志愿服从分配会增加被录取的机会。
794,0,老师你好，我是内蒙古地区艺术类声乐考生，请问贵校承认内蒙古音乐类联考成绩么，如承认，我的专业统考成绩是134分，过了我区专业本科线，文化课成绩是304分，请问如第一志愿报考贵校可否录取???（谢谢,内蒙古不招收音乐类考生
795,0,请问贵校高职(专科)在哪个校区上课？广东理科考402分有希望上物流管理的专科吗请问？,物流管理的专科设在花都校区的市政技术学院
796,0,我是广东省非广州理科考生，今年544分，其中英语127分，考该校师范专业的英语录取几率大吗,按往年录取情况，有机会被我校录取。考生应充分考虑平行志愿的特点、利弊以及我校招生计划、热门度等因素，建议第一院校志愿组A志愿报考广州大学；在填报我校的专业志愿时，考生可参考我校往年各专业的录取分数（详见省教育考试院印发的普通高考《报考指南》），注意专业冷热搭配，填专业志愿...[详细]
797,0,我是非广州市考生，高考分348，过了2a线28分，专业分214，只过了2a线4分，能被贵校录取吗？录取的几率大吗,按往年录取情况，录取机会不大
798,0,你好，我是广东非广州市的考生，今年高考成绩567，很想报考贵校，想选为第一志愿，服从专业调配，请问可以录取吗？以及如果录取后可以转专业或兼修其它专业吗？谢谢,按往年录取情况，有机会被我校录取。学生在学有余力的前提下，经申请批准，修满专业必修课程30学分颁发专业辅修证书；修满45学分(其中专业必修课程30学分，专业选修课程15学分)颁发第二专业毕业证书；修满60学分，并完成毕业实习、毕业论文，可授予第二学士学位。
799,0,本人602分。。。报考是否有奖学金？,我校奖学金不是新生奖学金，重点线上考生报考如下师范专业全免学费：数学与应用数学、英语、汉语言文学、地理科学、思想政治教育、化学、教育技术学、学前教育、教育学、心理学、历史学、生物科学、物理学等13个专业。
800,0,老师，你好！我是广州市的考生，今年术科分数过了2a线212，高考分数艺术2a线387，能否报考贵校，录取的几率大吗,按往年录取情况，录取机会很大。
801,0,今年高考570，在想报深大还是广大？还是两者都报？,考生应充分考虑平行志愿的特点、利弊以及我校招生计划、热门度等因素，建议第一院校志愿组A志愿报考广州大学；在填报我校的专业志愿时，考生可参考我校往年各专业的录取分数
802,0,老师，您好。我想知道您校广播电视编导的专业代码。另，我的广编术科成绩为220，文化科成绩为492，被贵校录取可能性大吗？,按往年录取情况，有机会被我校录取。
803,0,老师您好！我是广东湛江的学生，2013年广东高考理科成绩556，敢报贵校的机械类，计算机类和土木工程吗？,考生应充分考虑平行志愿的特点、利弊以及我校招生计划、热门度等因素，建议第一院校志愿组A志愿报考广州大学；在填报我校的专业志愿时，考生可参考我校往年各专业的录取分数（详见省教育考试院印发的普通高考《报考指南》），注意专业冷热搭配，填专业志愿服从分配会增加被录取的机会。
804,0,我是市外考生理科559分报考贵校二本专业如下：1.机械设计制造及自动化2.电子信息工程（含通信工程）3.电气工程及自动化4.生物技术（含检验检疫技术，食品安全）5.会计学6.光电信息科学与工程请问被贵校录取的机会有多大？？？？？,按往年录取情况，有机会被我校录取。
805,0,你好，我是广东汕头的文科生，今年考了580分，请问报考贵学校的金融学，会计学，工商管理，电子商务这些专业，能被录取吗？还有，我这个分数报考贵学校的哪些专业能被录取的胜算大？,按往年录取情况，有机会被我校录取。
806,0,你好，我是广东非广州考生，理科成绩562，报考贵校电子信息工程，电气工程及其自动化，光信息科学与技术专业录取几率有多大？,按往年录取情况，有机会被我校录取。
807,0,您好，我是广东理科生。今年考了559，请问报考哪几个志愿的机会比较大呢？,考生应充分考虑平行志愿的特点、利弊以及我校招生计划、热门度等因素，建议第一院校志愿组A志愿报考广州大学；在填报我校的专业志愿时，考生可参考我校往年各专业的录取分数（详见省教育考试院印发的普通高考《报考指南》），注意专业冷热搭配，填专业志愿服从分配会增加被录取的机会。
808,0,廣東考生關於平行志願的疑問就是說會不會發生下列情況：一所院校，我報了若干志願，第一個志願上不了，然後第二志願本來可以的，由於人家已經招滿了，導致了我的杯具發生會有這種情況嗎？,不会有这种情况。
809,0,广东理科生545分，非广州市，被你校录取机会大吗？,按往年录取情况，有机会被我校录取。
810,0,你好，请问我理科552，广州市内，报考贵校英语或学前教育能录取吗？,按往年录取情况，有机会被我校录取。
811,0,您好。我是湖南美术生，参加了贵校的校考，成绩是258.高考文化成绩401.如一志愿填报贵校，录取的几率有多大。,按往年录取情况，录取机会很大
812,0,老师：播音专业是属于二本A还是B？发的书上写的是B，填写志愿系统显示是A，到底是哪个呢？,按照志愿系统显示填报
813,0,美术统考232分文化445分非广州市户口请问有机会录取吗,按往年录取情况，录取机会很大
814,0,您好我是河南理科考生成绩543高出一本线38分若报为平行志愿请问能否被贵校录取,按往年录取情况，录取机会很大
815,0,您好我是河南理科考生成绩535高出一本线30分若报为平行志愿请问能被贵校录取,按往年录取情况，录取机会很大
816,0,请回答,去年3A录取分数线文科507分，你可参照报考
817,0,我是深圳的考生，我是539分，我服从贵校调配，请问有机会录取吗？,按往年录取情况，录取机会不大，你可根据平行志愿规则，冲一冲
818,0,山西理科超一本8分，录到贵校几率大不大？可否转专业。谢谢！,按往年录取情况，有机会录取。我校实施学生转专业制度，且各专业当年接收其它专业转入的学生人数为本专业年级学生人数的5%左右。
819,0,老师你好，我是深圳考生，今年高考才570，请问能在广大读什么专业？,考生应充分考虑平行志愿的特点、利弊以及我校招生计划、热门度等因素，建议第一院校志愿组A志愿报考广州大学；在填报我校的专业志愿时，考生可参考我校往年各专业的录取分数（详见省教育考试院印发的普通高考《报考指南》），注意专业冷热搭配，填专业志愿服从分配会增加被录取的机会。
820,0,你好，我是广东清远的文科生，考了581分，请问报考贵校的几率大吗,按往年录取情况，录取机会很大
821,0,本人广东省内广州市外文科考生583分，报考贵校英语专业有无把握？此外，大学毕业前能否考取教师资格证？,按照往年情况，应该录取机会很大。师范生可在在校期间办理教师资格证
822,0,我是广东省广州市外文科生。高考分数为585.排名1w5想报考广州大学广告学专业，请问能够被录取吗？,按往年录取情况，录取机会很大
823,0,我是非广州市的考生，今年术科分数过了2a线，高考分数比艺术2a线多了20多分，是348，能否报考贵校，录取的几率大吗,专业分是多少？文化分优势不大
824,0,我是安徽省的一名文科考生，今年高考561分，超出一本21分，我能否报考贵校？贵校招生计划中“地方协作”、“贫困地区专项计划”是什么意思？,地方协作是普通类非定向计划，面向全省招生。困地区专项计划为对口扶贫计划，只招收贫困地区考生
825,0,您好。请问我今年文科587分，报考贵校的国际经济与贸易能录取到么？,按往年录取情况，录取机会很大
826,0,您好。请问我今年文科587分，报考贵校的国际经济与贸易能录取到么？,按往年录取情况，录取机会很大
827,0,"查看资料发现上一年贵校对于非广州市考生录取最低排位是15673,分差是36，但我今年576,分差30分，但排位是21000左右，请问有机会过贵校投档线吗？",考生应充分考虑平行志愿的特点、利弊以及我校招生计划、热门度等因素，建议第一院校志愿组A志愿报考广州大学；在填报我校的专业志愿时，考生可参考我校往年各专业的录取分数（详见省教育考试院印发的普通高考《报考指南》），注意专业冷热搭配，填专业志愿服从分配会增加被录取的机会。按往年...[详细]
828,0,您好，我今年高考比一本线低一分，被贵校录取的机会大吗？竞争的学生会不会很多？,考生应充分考虑平行志愿的特点、利弊以及我校招生计划、热门度等因素，建议第一院校志愿组A志愿报考广州大学；在填报我校的专业志愿时，考生可参考我校往年各专业的录取分数（详见省教育考试院印发的普通高考《报考指南》），注意专业冷热搭配，填专业志愿服从分配会增加被录取的机会。
829,0,你好，请问市外文科570分被录取机会大吗？谢谢~,考生应充分考虑平行志愿的特点、利弊以及我校招生计划、热门度等因素，建议第一院校志愿组A志愿报考广州大学；在填报我校的专业志愿时，考生可参考我校往年各专业的录取分数（详见省教育考试院印发的普通高考《报考指南》），注意专业冷热搭配，填专业志愿服从分配会增加被录取的机会。
830,0,我今年587分，报考广州大学国际经济与贸易会被录取么,按往年录取情况，录取机会很大
831,0,老师您好，我是内蒙古考生我的高考成绩是498分，理科比一本线高16分，能被贵校录取吗?若能能报什么专业？谢谢老师给点建议,按往年录取情况，录取机会很大，在填报我校的专业志愿时，考生可参考我校往年各专业的录取分数，注意专业冷热搭配，填专业志愿服从分配会增加被录取的机会。
832,0,您好！我是今年广东的考生分数为576排名21000左右，请问到贵校的投档线了吗？还想请问法语专业是热门专业吗？,考生应充分考虑平行志愿的特点、利弊以及我校招生计划、热门度等因素，建议第一院校志愿组A志愿报考广州大学；在填报我校的专业志愿时，考生可参考我校往年各专业的录取分数（详见省教育考试院印发的普通高考《报考指南》），注意专业冷热搭配，填专业志愿服从分配会增加被录取的机会。法语专...[详细]
833,0,"我是广东非广州市文科考生,今年成绩603以贵校为第一志愿,教育技术学为第一专业,另外5个专业也填满,不服从调剂,退档风险大吗?",按往年录取情况，录取机会很大。
834,0,554分顺德考生，上贵校有无机会？？可以选专业吗？,考生应充分考虑平行志愿的特点、利弊以及我校招生计划、热门度等因素，建议第一院校志愿组A志愿报考广州大学；在填报我校的专业志愿时，考生可参考我校往年各专业的录取分数（详见省教育考试院印发的普通高考《报考指南》），注意专业冷热搭配，填专业志愿服从分配会增加被录取的机会。
835,0,我是文科生，广州市外，571分，报考贵校的汉语言文学录取的机会大吗？,考生应充分考虑平行志愿的特点、利弊以及我校招生计划、热门度等因素，建议第一院校志愿组A志愿报考广州大学；在填报我校的专业志愿时，考生可参考我校往年各专业的录取分数（详见省教育考试院印发的普通高考《报考指南》），注意专业冷热搭配，填专业志愿服从分配会增加被录取的机会。汉语言...[详细]
836,0,老师你好，我是广东理科考生，高考分数比重点线低11分，请问报考学前教育录取几率如何，毕业后能否领取教师资格证，如果我想考小学教育资格证，是否要另外学习小学教育课程。,按往年录取情况，录取机会很大。在校期间可申请教师资格证。
837,0,我是广州的理科生，今年高考成绩为559，超二本A线43分，排位在五万左右，报读本校几率有多大？另外如果报读热门专业而不服从调剂会不会被退档？,按往年录取情况，录取机会很大。考生应充分考虑平行志愿的特点、利弊以及我校招生计划、热门度等因素，建议第一院校志愿组A志愿报考广州大学；在填报我校的专业志愿时，考生可参考我校往年各专业的录取分数（详见省教育考试院印发的普通高考《报考指南》），注意专业冷热搭配，填专业志愿服从...[详细]
838,0,您好，我是山西文科考生，分数512超一本线5分，我查询到去年贵校在山西的出档线超一本3分。前几年也差不多，如果我把贵校报在第一志愿且服从调剂，录取的几率大吗？另外调剂专业时是从我所报的6个专业里调剂还是从贵校录取的所有专业里调剂呢？谢谢,按往年录取情况，录取机会很大。专业里调剂是从我校在山西录取的未录满的专业里调剂
839,0,您好，我是山西文科考生，分数512超一本线5分，我查询到去年贵校在山西的出档线超一本3分。前几年也差不多，如果我把贵校报在第一志愿且服从调剂，录取的几率大吗？另外调剂专业时是从我所报的6个专业里调剂还是从贵校录取的所有专业里调剂呢？谢谢,按往年录取情况，录取机会很大
840,0,广东市外理科564。报考贵校有希望吗？,按往年录取情况，录取机会很大
841,0,你好，美术生。美术联考234，文化402.广州户口。报考贵校的美术学或其他的专业录取的机会大吗？,按往年录取情况，录取机会很大
842,0,你好，我是广东理科考生，广州市外，543分报考贵校录取机会大吗,考生应充分考虑平行志愿的特点、利弊以及我校招生计划、热门度等因素，建议第一院校志愿组A志愿报考广州大学；在填报我校的专业志愿时，考生可参考我校往年各专业的录取分数（详见省教育考试院印发的普通高考《报考指南》），注意专业冷热搭配，填专业志愿服从分配会增加被录取的机会。
843,0,老师，您好，我是广东理科考生，561分。报考贵校城市规划（风景园林），会展经济与管理。有机会吗？,按往年录取情况，录取机会很大
844,0,今年的高考成绩过了艺术的2a分数线20多分专业过了2a线4分请问被贵校录取的几率大吗,按往年录取情况，有机会被我校录取。
845,0,你好，我是广东市外文科考生，今年高考分数为583，请问报考广大的英语专业教育方向或国贸、金融等专业可行吗？谢谢,按往年录取情况，这些专业录取机会很大。
846,0,你好，我是广东考生，今年成绩为562，理科，报考给水排水工程专业录取机会大吗？,给水排水工程专业录取机会比较大。考生应充分考虑平行志愿的特点、利弊以及我校招生计划、热门度等因素，建议第一院校志愿组A志愿报考广州大学
847,0,请问市外的文科585分，有机会进广大的英语师范专业吗？,按往年录取情况，录取机会很大。
848,0,老师，您好~我是广东的考生。我的术科分数是226，文化447，如果我报贵校美术学专业风险会大吗？谢谢！,按往年录取情况，录取机会很大。
849,0,文科562能报考吗？录取到得到吗？,考生应充分考虑平行志愿的特点、利弊以及我校招生计划、热门度等因素，建议第一院校志愿组A志愿报考广州大学；在填报我校的专业志愿时，考生可参考我校往年各专业的录取分数（详见省教育考试院印发的普通高考《报考指南》），注意专业冷热搭配，填专业志愿服从分配会增加被录取的机会。
850,0,"请问527能报贵校的专科吗,专科院校是否在大学城以内?",按往年录取情况，录取机会很大。专科院校是纺织服装学院和市政技术学院，不在大学城
851,0,老师您好，广州市外文科生587分，报考贵校会计或社会工作的几率有多大？,按往年录取情况，录取机会很大。
852,0,广州市外，文科580，有没有机会录取啊？,按往年录取情况，录取机会很大。
853,0,我女儿是广东广州文科考生，572分，排位23980请问这个分数第一志愿报广大录取的希望有多大？,按往年录取情况，录取机会很大。建议第一院校志愿组A志愿报考广州大学
854,0,市外的，585分，有机会进广大的英语师范专业吗？看看上年的英语专业平均分是583，最低也要580.今年广大受招生政策的影响，分数会不会大升啊？,按往年录取情况，录取机会很大。
855,0,我是外市的，564分，想报贵校电子信息工程(含通信工程）或者工程管理，有机会上吗？,按往年录取情况，录取机会很大。
856,0,请老师帮忙,考生应充分考虑平行志愿的特点、利弊以及我校招生计划、热门度等因素，建议第一院校志愿组A志愿报考广州大学；在填报我校的专业志愿时，考生可参考我校往年各专业的录取分数（详见省教育考试院印发的普通高考《报考指南》），注意专业冷热搭配，填专业志愿服从分配会增加被录取的机会。
857,0,我是外市的，564分，上得了贵校吗？,考生应充分考虑平行志愿的特点、利弊以及我校招生计划、热门度等因素，建议第一院校志愿组A志愿报考广州大学；在填报我校的专业志愿时，考生可参考我校往年各专业的录取分数（详见省教育考试院印发的普通高考《报考指南》），注意专业冷热搭配，填专业志愿服从分配会增加被录取的机会。
858,0,我是广东体育理科生，今年文化分447术科分251，不知能否报考贵校体育专业，把握大吗？,按往年录取情况，录取机会很大。
859,0,1.广州大学播音主持专业志愿是在第二批本科A类院校艺术类校考类填写吗？2.我广东考生术科考试第五名但是比入围分也高不了多少，高考442分，录取概率大吗？谢谢老师！,按往年录取情况，录取机会很大。
860,0,请问广州市外理科考生高考成绩563分，排位46800报考贵校机械制造专业有希望录取吗？,按往年录取情况，录取机会很大。
861,0,请问广东理科563分，排位46800报考贵校机械制造专业有希望录取吗？,按往年录取情况，录取机会很大。建议第一院校志愿组A志愿报考广州大学；在填报我校的专业志愿时，考生可参考我校往年各专业的录取分数（详见省教育考试院印发的普通高考《报考指南》），注意专业冷热搭配，填专业志愿服从分配会增加被录取的机会。
862,0,师，您好。我是广东的市外考生。我的术科231，225，文化445，如果我报贵校机会多大吗,按往年录取情况，录取机会很大。
863,0,老师您好本人562填报贵校录取几率大吗可选专业多吗,按往年录取情况，录取机会很大。在填报我校的专业志愿时，考生可参考我校往年各专业的录取分数（详见省教育考试院印发的普通高考《报考指南》），注意专业冷热搭配，填专业志愿服从分配会增加被录取的机会。
864,0,老师，我是汕头的考生，考了559，请问被广大的电子商务录取几率大不,按往年录取情况，有机会被我校录取。
865,0,广东理科589，在第一批b志愿填报贵校土木工程专业，若本人a志愿不能投档，被贵校录取把握大吗？,考生应充分考虑平行志愿的特点、利弊以及我校招生计划、热门度等因素，建议第一院校志愿组A志愿报考广州大学；在第一批b志愿填报贵校土木工程专业，若本人a志愿不能投档，录取机会也很大
866,0,您好！我是广东湛江的学生，2013年广东高考理科成绩556，报广州大学有机会吗？如果报上，会被分到其他学院吗？,按往年录取情况，录取机会很大。不会录取到其他学院。
867,0,我理科533分想报贵校可以选专业吗填服从可以录取吗,考生应充分考虑平行志愿的特点、利弊以及我校招生计划、热门度等因素，建议第一院校志愿组A志愿报考广州大学；在填报我校的专业志愿时，考生可参考我校往年各专业的录取分数（详见省教育考试院印发的普通高考《报考指南》），注意专业冷热搭配，填专业志愿服从分配会增加被录取的机会。
868,0,456可以报考贵校吗，有多大可能？？？,我校去年3A录取线是482分，请参考填报
869,0,您好，我是南海区文科应届考生，今年考了570分，请问报考贵校的国际经济与贸易，有希望吗？,按往年录取情况，录取机会很大。考生应充分考虑平行志愿的特点、利弊以及我校招生计划、热门度等因素，建议第一院校志愿组A志愿报考广州大学；在填报我校的专业志愿时，考生可参考我校往年各专业的录取分数（详见省教育考试院印发的普通高考《报考指南》），注意专业冷热搭配，填专业志愿服从...[详细]
870,0,我是广州考生，读理科，分数555，能进金融学的合作实验班吗,应该有机会录取。
871,0,你好，我是广东考生文科563分有广州户口填广大为第一志愿想要报考思想政治教育专业和英语录取的可能性大吗？我还想要了解一下贵校有什么师范专业适合文科生？,按往年录取情况，录取机会很大。有英语、汉语言文学、地理科学、思想政治教育、教育技术学、教育学、心理学、历史学等专业招收文科师范生。
872,0,请问贵校有什么外语专业？,我校共有英语、日语、法语三个外语专业
873,0,市外理科548能报贵校什么专业？,考生应充分考虑平行志愿的特点、利弊以及我校招生计划、热门度等因素，建议第一院校志愿组A志愿报考广州大学；在填报我校的专业志愿时，考生可参考我校往年各专业的录取分数（详见省教育考试院印发的普通高考《报考指南》），注意专业冷热搭配，填专业志愿服从分配会增加被录取的机会。
874,0,我是广州学生，464分能进3a线吗，想读工程造价专业,我校去年三A录取分数482，请参照报考
875,0,我是广东文科491，报读贵校的录取几率大不大呢？,我校去年文科录取分数507，请参照报考
876,0,您好！我是2013高考毕业艺术类（音乐）考生，我想向您咨询一下，我的文化355，术科226，想要报取贵校，希望大不大？,按往年录取情况，你的成绩优势不大。
877,0,您好，山西考生，高一本线26分，是否有希望报考贵校？,按往年录取情况，录取机会很大。
878,0,我是广州市内理科生537分，若我第一志愿报考该校服从分配，分配的专业不适合我，可否入学后申请转专业？手续该如何办理？,我校实施学生转专业制度，且各专业当年接收其它专业转入的学生人数为本专业年级学生人数的5%左右。
879,0,老师你好，我是广东理科考生非广州市的，561分，请问报考贵校的工程管理或者工商管理的专业的机会大吗？,按往年录取情况，录取机会很大。
880,0,我是广州市内文科生，分数567，但排位到27000多名，去年贵校最低排位24000，请问有机会吗？,按往年录取情况，录取机会很大。
881,0,您好！我是广东东莞理科考生，总分557，我想报考你校，有录取希望吗？,按往年录取情况，录取机会很大。考生应充分考虑平行志愿的特点、利弊以及我校招生计划、热门度等因素，建议第一院校志愿组A志愿报考广州大学
882,0,我是广州考生，理科总分528，想报考广大，请问有机会被录取吗？如何填报专业才可增加录取机率？,考生应充分考虑平行志愿的特点、利弊以及我校招生计划、热门度等因素，建议第一院校志愿组A志愿报考广州大学；在填报我校的专业志愿时，考生可参考我校往年各专业的录取分数（详见省教育考试院印发的普通高考《报考指南》），注意专业冷热搭配，填专业志愿服从分配会增加被录取的机会。
883,0,广大希望大吗？还是广工的机会大点？,考生应充分考虑平行志愿的特点、利弊以及我校招生计划、热门度等因素，建议第一院校志愿组A志愿报考广州大学；在填报我校的专业志愿时，考生可参考我校往年各专业的录取分数（详见省教育考试院印发的普通高考《报考指南》），注意专业冷热搭配，填专业志愿服从分配会增加被录取的机会。
884,0,老师，您好:我是广东的考生。我的术科231，文化445，如果我报贵校录取机率多大？,按往年录取情况，录取机会很大。
885,0,您好，我是美术生，想报考贵校的3A专业，请问预估分数线是多少？,去年3A美术录取线280/195，上线考生全部录取
886,0,请问汕头的理科582报贵校的建筑学可以么？,建议第一院校志愿组A志愿报考广州大学，录取机会很大。
887,0,请问贵校有没有招收专科的，投档分多少？,去年专科的投档分文科507，理科482
888,0,尊敬的老师，您好，我是今年广东广州文科考生，考了556分，请问报考贵校有机会被录取吗？排位多少可以录取？谢谢,按往年录取情况，录取机会很大。考生应充分考虑平行志愿的特点、利弊以及我校招生计划、热门度等因素，建议第一院校志愿组A志愿报考广州大学；在填报我校的专业志愿时，考生可参考我校往年各专业的录取分数（详见省教育考试院印发的普通高考《报考指南》），注意专业冷热搭配，填专业志愿服从...[详细]
889,0,老师，您好.文科576分，报贵校录取机会大么，报什么专业保险.谢谢,按往年录取情况，录取机会很大。考生应充分考虑平行志愿的特点、利弊以及我校招生计划、热门度等因素，建议第一院校志愿组A志愿报考广州大学；在填报我校的专业志愿时，考生可参考我校往年各专业的录取分数（详见省教育考试院印发的普通高考《报考指南》），注意专业冷热搭配，填专业志愿服从...[详细]
890,0,你好，我是广东文科考生，分数584，想问下今年广大是保证填报第一志愿组，达分，服从调配不退档还是要填广大在第一组志愿A才承诺不退档？,凡第一院校志愿组报考广州大学的考生，只要达到我校出档线，服从专业调剂，符合录取条件，我校一律不退档，保证录取。
891,0,我是广州市体育类考生，文化科418分，体育术科206分，报贵校录取机会大吗？去年贵校录取体育类考生的体育术科最低分数线是多少呢？谢。,去年按照体育术科最低分数线录取为238.你的分数优势不大。
892,0,我的分数544，能上贵校吗？,按往年录取情况，录取机会很大。
893,0,您好，我是山西文科考生，高考分513，高一本分数线6分，想报考贵校法学，金融学或会计学，能够被录取吗？,按往年录取情况，有机会被录取。
894,0,老师你好，请问广大今年预计一本专业的分数线大概会去到多少分?,"现阶段无法精确预测投档线,高校投档线是在招生录取阶段才能获知的信息，在考生填报院校志愿工作开始之初，精确预测多少分可以报考是不科学和不负责任的，预测分数不是“引导”而是“误导”。高校投档线的预测需要考虑政策的平稳性、录取统计数据、招生计划变化、考题难易程度、考生博弈心理、...[详细]"
895,0,贵校在《志愿指南》的专业平均分一般比该专业最低分高多少,请在我校招生网站查询往年各专业录取最低分http://zj.gzhu.edu.cn/zszw/index.html
896,0,您好，我是广东省内的文科考生，请问高考492分能被贵校录取吗？,广东省内的文科去年录取最低分为507，请参照报考
897,0,"您好，我是广州市内的理科考生,总分560.考上城乡规划专业的几率大吗？",按往年录取情况，录取机会很大。
898,0,我是广州市外考生理科559分报考贵校：2A类专业如下：1.机械设计制造及自动化（合作实验班）2.电子信息工程（含通信工程）3.电气工程及自动化4.光电信息科学与技术5.生物技术（合做实验班）6.生物工程被录取的机会大吗？？？？？,按往年录取情况，录取机会很大。
899,0,老师，我548分能不能报广州大学，如果可以的话可以报哪些专业,考生应充分考虑平行志愿的特点、利弊以及我校招生计划、热门度等因素，建议第一院校志愿组A志愿报考广州大学；在填报我校的专业志愿时，考生可参考我校往年各专业的录取分数（详见省教育考试院印发的普通高考《报考指南》），注意专业冷热搭配，填专业志愿服从分配会增加被录取的机会。
900,0,您好！我是广东理科考生，总分582分，过一本8分，全省29056名，报考贵校生物工程有把握录取吗？,按往年录取情况，录取机会很大。
901,0,我理科538分，报考贵校被录取的可能性大吗？,考生应充分考虑平行志愿的特点、利弊以及我校招生计划、热门度等因素，建议第一院校志愿组A志愿报考广州大学；在填报我校的专业志愿时，考生可参考我校往年各专业的录取分数（详见省教育考试院印发的普通高考《报考指南》），注意专业冷热搭配，填专业志愿服从分配会增加被录取的机会。
902,0,您好，我是广东考生，今天高考分数为574，请问报考贵校重本专业的录取几率大么,考生应充分考虑平行志愿的特点、利弊以及我校招生计划、热门度等因素，建议第一院校志愿组A志愿报考广州大学；应该有很大的机会录取。
903,0,市内文科585想报金融录取机会大么？,按往年录取情况，录取机会很大。
904,0,老师您好，我是山西考生，今年高考分数为520，高出一本分数线13分，位次在3170——3320之间，可以报考贵校吗？被录取的希望大不大？谢谢,按往年录取情况，录取机会很大。
905,0,老师，您好！咱们学校，电子商务，学习内容？就业方向？,电子商务专业学制学位：本专业基本修业年限四年，授予管理学学士学位。培养目标：培养在电子商务领域具有良好素养，较好掌握自然科学、人文社会科学、管理科学、计算机和信息技术的基本技能与方法，并能将信息技术与商务和管理融会贯通，能适应知识经济时代的复合型人才。主要课程：电子商务...[详细]
906,0,山东考生文科577，能否报考,我校今年没有山东的计划。
907,0,山西文科510分，超了3分，服从专业调剂退档的可能性大吗？特特想去,按往年录取情况，录取机会很大。考生应充分考虑平行志愿的特点、利弊以及我校招生计划、热门度等因素，建议第一志愿报考广州大学；在填报我校的专业志愿时，注意专业冷热搭配，填专业志愿服从分配会增加被录取的机会。
908,0,本人统考226，文化370，在广大报个冷门专业有希望吗？美术什么专业算是冷门？,按往年录取情况，录取机会很大。美术学、绘画相对不热门。
909,0,"我是市外理科生,552分,请问报考贵校是否有希望?",按往年录取情况，录取机会很大。
910,0,老师你好，我是广东省非广州市学生，统考成绩229，高考成绩为429，请问可以报贵校的产品设计专业吗，或者报考什么专业比较有机会考上？,按往年录取情况，录取机会很大。
911,0,广州大学对本市生的招生优惠政策是怎样实施保护的？什么情况会降分录取？本人是美术生文化分370，统考分226，报广大有希望吗？本人是广州市户口！,按往年录取情况，录取机会很大。
912,0,请问贵校今年理科是否不招法学？若录取了，可否二专选择法学律师方向？会展经济与管理、旅游管理学习内容和以后就业方向可以大概介绍一下么？O(∩_∩)O谢谢,请登陆我校招生网页查询http://zj.gzhu.edu.cn/zs_zyjs.asp
913,0,山西文高一本6分有希望经济学金融学，其他专业呢,按往年录取情况，录取机会很大。
914,0,我是今年广东考生，553有机会上贵校吗？,按往年录取情况，录取机会很大。
915,0,老师我是美术生，我的联考成绩是238分，但文化是331分，报考贵校有希望吗？,按往年录取情况，录取机会很大。
916,0,老师好，今年河南理科体育生体育本科线68，我考了82，体育生文化线276，我考了342，请问报考贵校有希望么？希望有多大？,按往年录取情况，录取机会很大。
917,0,请问，术科225分，文化456分可以考虑报考广大吗？,按往年录取情况，录取机会很大。
918,0,我是广东市外文科考生，我想报考贵校3A的计算机应用技术专业。今年考了519分，按照今年的形势。如果服从分配被录取的几率大吗？,按往年录取情况，录取机会很大。
919,0,广东文科考生462能报读工商管理吗？？,生可参考我校往年各专业的录取分数（详见省教育考试院印发的普通高考《报考指南》），注意专业冷热搭配，填专业志愿服从分配会增加被录取的机会。
920,0,您好我今年考了567分有几成把握能上电子信息技术专业,按往年录取情况，录取机会很大。
921,0,。,按往年录取情况，录取机会很大。
922,0,您好，请问贵校有无专业志愿极差？谢谢！,没有
923,0,您好，我是汕头的考生，考了582，想报贵校的建筑学，请问有几成把握录取到,应该是机会很大
924,0,您好，我是广州市内考生，成绩578分。准备报考贵校，打算填英语，教育学，学前教育，教育技术学，请问录取机会大吗？,按照往年录取情况，录取机会很大
925,0,您好，我是广州市内的文科生，分数580，请问报考本校有把握吗？按往年分数报考本校在第一志愿组A志愿风险大吗？另外，本校在英语专业在广州市只招75人，我的外语成绩有129分，请问录取的风险大不大？,按照往年录取情况，录取机会很大
926,0,我是广州市内考生，理科537，请问报考该校什么专业比较保险？,考生应充分考虑平行志愿的特点、利弊以及我校招生计划、热门度等因素，建议第一院校志愿组A志愿报考广州大学；在填报我校的专业志愿时，考生可参考我校往年各专业的录取分数（详见省教育考试院印发的普通高考《报考指南》），注意专业冷热搭配，填专业志愿服从分配会增加被录取的机会。
927,0,我成绩586，报考贵校金融专业有希望吗？,按照往年录取情况，录取机会很大
928,0,我是理科生，男，557分，广州市内，报考贵校会计专业有把握吗？,考生应充分考虑平行志愿的特点、利弊以及我校招生计划、热门度等因素，建议第一院校志愿组A志愿报考广州大学；在填报我校的专业志愿时，考生可参考我校往年各专业的录取分数（详见省教育考试院印发的普通高考《报考指南》）
929,0,老师您好，我是云南考生，想请问去年贵校在云南录取的排位是多少？,去年理科499分，具体排位不清楚
930,0,您好，我是2013届广东考生，是市外的理科生，想读贵校的生物类的专业，成绩是562，请问这样的分数报贵校会被录取吗?谢谢,考生应充分考虑平行志愿的特点、利弊以及我校招生计划、热门度等因素，建议第一院校志愿组A志愿报考广州大学；在填报我校的专业志愿时，考生可参考我校往年各专业的录取分数（详见省教育考试院印发的普通高考《报考指南》）
931,0,我是山西考生，理科，达一本线超出9分，宝贵效能录取不,山西考生，理科，去年录取最低分为535，一本线超出5分，按往年情况录取机会很大
932,0,老师你好我是河北文科考生高考成绩568分超出一本线7分超出二本线57分请问被贵校录取希望大吗？,考生应充分考虑平行志愿的特点、利弊以及我校招生计划、热门度等因素，建议第一院校志愿组A志愿报考广州大学；在填报我校的专业志愿时，考生可参考我校往年各专业的录取分数
933,0,老师，您好~我是广东的考生。我的术科刚达2A分数线，225，文化455，如果我报贵校风险会大吗？因为我的术科分数较低，刚过线而已。,按照往年录取情况，录取机会很大
934,0,你好，我是山西省理科考生，今年分数为503分，过重点线8分，请问报考广州大学工学院是否有希望？谢谢！,按照往年录取情况，录取机会很大
935,0,请问按往年分数线及今年难度看，我是广东理科考生，544分，考上外语类或经济类专业的几率大吗,考生应充分考虑平行志愿的特点、利弊以及我校招生计划、热门度等因素，建议第一院校志愿组A志愿报考广州大学；在填报我校的专业志愿时，考生可参考我校往年各专业的录取分数（详见省教育考试院印发的普通高考《报考指南》）
936,0,342能报考贵校吗？,你的分数没有上线，不能录取
937,0,我是广州市内考生，高考成绩537分，请问报广大的食品科学与工程保险吗？,考生应充分考虑平行志愿的特点、利弊以及我校招生计划、热门度等因素，建议第一院校志愿组A志愿报考广州大学；在填报我校的专业志愿时，考生可参考我校往年各专业的录取分数（详见省教育考试院印发的普通高考《报考指南》）
938,0,您好。我是应届的美术生，今年文化科考366分，美术科考203分，不知道有没有希望报考贵校？,你的分数可以报考我校3A美术类。
939,0,"老师,您好!我是湖南理科考生,过一本线49分,排名11500名左右,不知能否被贵校录取,谢谢!!",按照往年录取，录取机会很大
940,0,您好，我是广州市内的文科生，分数582，请问报考贵校广播电视新闻学有把握吗？,按照往年录取情况，录取机会很大
941,0,您好，我是广州市内的文科生，分数582，请问报考广播电视新闻学有把握吗？,按照往年录取情况，录取机会很大
942,0,河南理科高于二本20分报考可能大么,我校在河南省的分数为一本线
943,0,我是文科生，广州市外，572分，报考贵校的汉语言文学录取的机会大吗？,按照往年录取情况，录取机会很大
944,0,老师您好，我是一名理科生，请问531分报考贵校师范类能被录取吗,考生应充分考虑平行志愿的特点、利弊以及我校招生计划、热门度等因素，建议第一院校志愿组A志愿报考广州大学；在填报我校的专业志愿时，考生可参考我校往年各专业的录取分数（详见省教育考试院印发的普通高考《报考指南》），注意专业冷热搭配，填专业志愿服从分配会增加被录取的机会。
945,0,您好！我是广东惠州理科考生，总分561，理科排名49160，我想报考你校，有录取希望吗？2+2的费用大概需要多少？2+2的专业我有希望录取吗？谢谢,应该有机会录取，2+2的费用大概需要20多万每学年
946,0,老师，您好：请问广州大学有招收3A吗？我文科应届生462分，能报读吗？？,去年录取分数507，请参照报考。
947,0,我是安徽文科考生，我想问贵校师范类有哪些比较好的专业？,我校英语、数学与应用数学、汉语言文学、地理科学、思想政治教育、化学、教育技术学、教育学、心理学、学前教育等专业招收师范生。
948,0,您好，我是广东省的考生，文化393术科227过了2A线贵校录取的机会大不大？今年艺术生的招生计划是怎样的？环境设计这个专业，招的人数多么？谢谢,按往年录取情况，录取机会很大。
949,0,您好，我是安徽的考生。今年考了559分，比一本分数线高19分，全省排名5500，请问报你们学校的概率有多大？,按往年录取情况，录取机会很大。
950,0,我是理科生，571分，广州市外，报考贵校电气及其自动化或是工程管理(含投资与造价管理)的录取机会大么？,按往年录取情况，录取机会很大。
951,0,"你好,我艺术229分，文化407分，想报广州大学，被录取的机会大不，选哪个专业好",按往年录取情况，录取机会很大。注意专业冷热搭配，填专业志愿服从分配会增加被录取的机会。
952,0,老师，你好！我是广州市考生，理科544分，想问下旧都贵校吗？另外在哪找广州大学历届各专业录取最低分数？再网上找不到哦。谢谢老师！,http://zj.gzhu.edu.cn/show.asp?id=13437可查询近三年在广东省的分数线及录取情况
953,0,老师，您好。本人是广州本地生，519分能上贵校吗？,考生应充分考虑平行志愿的特点、利弊以及我校招生计划、热门度等因素，建议第一院校志愿组A志愿报考广州大学；在填报我校的专业志愿时，考生可参考我校往年各专业的录取分数（详见省教育考试院印发的普通高考《报考指南》），注意专业冷热搭配，填专业志愿服从分配会增加被录取的机会。
954,0,您好我是湖南文科考生高考分数高一本线15分请问报考贵校有希望么？,按往年录取情况，有机会被录取。
955,0,您好，我是广东省的美术考生，统考成绩是235，文化成绩是403，现在打算报贵校，请问被录取的几率大吗？望老师回答，谢谢！,按往年录取情况，录取机会很大。
956,0,我是广东考生580请问如果报考土木工程怎么样？还有土木工程的毕业证和学位证是不是也是1A的？,按往年录取情况，录取机会很大。土木工程为国家级特色专业。并有国家重点实验室，培养体系最完整---拥有从本科、硕士、博士到博士后的完整培养体系。
957,0,佛山理科555，报考贵校工程管理希望大不大，城市规划呢？,按往年录取情况，录取机会很大。
958,0,今年高考成绩是551，只是高出本A线5分，报读贵校被录取机率大吗？,考生应充分考虑平行志愿的特点、利弊以及我校招生计划、热门度等因素，建议第一院校志愿组A志愿报考广州大学；在填报我校的专业志愿时，考生可参考我校往年各专业的录取分数（详见省教育考试院印发的普通高考《报考指南》），注意专业冷热搭配，填专业志愿服从分配会增加被录取的机会。
959,0,您好，我是非广州户口考生，555分能报贵校吗?哪些专业更有把握。谢谢,考生应充分考虑平行志愿的特点、利弊以及我校招生计划、热门度等因素，建议第一院校志愿组A志愿报考广州大学；在填报我校的专业志愿时，考生可参考我校往年各专业的录取分数（详见省教育考试院印发的普通高考《报考指南》），注意专业冷热搭配，填专业志愿服从分配会增加被录取的机会。
960,0,您好，我是山西文科考生，高考分数超出一本线5分，我查询了贵校往年的提档分数，基本是压一本走的，我如果把贵校报在第一志愿，录取的几率大么？是否专业选择上我就被动了！麻烦您了,考生应充分考虑平行志愿的特点、利弊以及我校招生计划、热门度等因素，建议第一院校志愿报考广州大学；在填报我校的专业志愿时，考生可参考我校往年各专业的录取分数，注意专业冷热搭配，填专业志愿服从分配会增加被录取的机会。
961,0,请问广州大学现在还招收本科插班生吗？谢谢！,2013年我校有招收本科插班生
962,0,"您好!我是广州市内的理科生,578分,想报金融学或其他经济类的专业,不想服从专业调剂,风险大吗?是不是选些其他专业保底好点?我第一批次想冲一冲重本,假如投档后被退档,会影响第二批次报读广州大学吗?","理科生可报考我校的第一批重本专业，一本投档后被退档,不会影响第二批次A报读广州大学。我校在广东第一批次招生的8个专业与其他任何一本院校的专业相比毫不逊色：1.师资实力最强---有3个院士及一大批专家教授；专业排名居于全国前十，省内前三；2.培养体系最完整---拥有从本科、硕士、博士到...[详细]"
963,0,老师您好！想咨询一下往年最低排位的专业是什么？我今年考了544还有机会被录取吗？,考生应充分考虑平行志愿的特点、利弊以及我校招生计划、热门度等因素，建议第一院校志愿组A志愿报考广州大学；在填报我校的专业志愿时，考生可参考我校往年各专业的录取分数（详见省教育考试院印发的普通高考《报考指南》），注意专业冷热搭配，填专业志愿服从分配会增加被录取的机会。
964,0,我是美术生，文化课279.美术术科204，报考贵校有可能吗？,你的成绩未达到280分，不能录取
965,0,本人是广州考生，理科566分，请问报贵校的电子信息工程（含通信工程）专业有把握吗？,按往年录取情况，录取机会很大。
966,0,我是今年广东文科考生，考了556分，请问报考贵校的2A能报吗？谢谢,考生应充分考虑平行志愿的特点、利弊以及我校招生计划、热门度等因素，建议第一院校志愿组A志愿报考广州大学；在填报我校的专业志愿时，考生可参考我校往年各专业的录取分数（详见省教育考试院印发的普通高考《报考指南》），注意专业冷热搭配，填专业志愿服从分配会增加被录取的机会。
967,0,我是河南理科体育生我想报考你们学校专业分119文化分347有希望报考你们学校的体育教育么？我想知道上一年文化录取最低分是多少？,按往年录取情况，录取机会很大。
968,0,你好，我是今年广东理科考生，579分，请问报考贵校第一批本科专业【土木工程】【给排水与工程】有希望吗？,考生应充分考虑平行志愿的特点、利弊以及我校招生计划、热门度等因素，建议第一院校志愿组A志愿报考广州大学，录取机会很大。
969,0,我是一名文科考生，请问报考贵校的全省位次是多少？我希望大吗？谢谢,按往年录取情况，录取机会很大。
970,0,老师你好，请问贵校今年美术专业分是否参照本省划定的分数线？如果专业分达本省录取最低控制线，文化分数达美术类一本线能够出档吗？,按往年录取情况，录取机会很大。
971,0,您好我是贵州文科考生超一本线11分排名3780左右能报考贵校吗,按往年录取情况，录取机会很大。
972,0,您好！我是广东文科生570分广州市外考生能否被贵校录取？谢谢。,按往年录取情况，录取机会很大。
973,0,你好，我是广州市外的文科生，今年高考分数562，想要报广大，不知道录取机会大不大？,按往年录取情况，有机会录取。
974,0,贵校2013在河南有美术类计划吗？如果有，2012年录取规则和分数线？2013年录取规则？,2013年河南没有美术计划
975,0,你好~我是广东省广州市外的美术生，我的统考成绩218，文化分361.有机会上你们贵校吗？你们学校有补录的吗？,你的美术专业成绩不上线，不能录取
976,0,我是文科生，585分，广州市外，报考贵校会展经济与管理有把握吗？,按往年情况，585分，广州市外，报考贵校会展经济与管理录取机会很大
977,0,老师您好，请问文科今年超出一本线38分，报考贵校有把握没有，谢谢。,按往年录取情况，录取机会很大。
978,0,请问贵校有无专业志愿级差？谢谢。,我校无专业志愿级差
979,0,您好，请问我今年美术校考13名，文化课需要多少？,考生可参考我校往年各专业的录取分数http://zj.gzhu.edu.cn/zslqtj.asp
980,0,高一本线8分，被贵校录取几率大吗？,录取机会很大。考生应充分考虑平行志愿的特点、利弊以及我校招生计划、热门度等因素，建议第一院校志愿组A志愿报考广州大学；
981,0,老师您好，请问今年广东理科531分报考贵校自动化专业或网络工程专业有希望吗？,考生应充分考虑平行志愿的特点、利弊以及我校招生计划、热门度等因素，建议第一院校志愿组A志愿报考广州大学；在填报我校的专业志愿时，考生可参考我校往年各专业的录取分数（详见省教育考试院印发的普通高考《报考指南》），注意专业冷热搭配，填专业志愿服从分配会增加被录取的机会。
982,0,请问贵校的分数线什么时候能出呢？报完志愿后么？我也有参考过2012年的录取分数线，我的分数541分有点危险。所以，我不知道你们学校今年的分数线是怎样？我是理科生。,学校分数线在7月中旬才能知道
983,0,老师您好，我是河南省的一名文科考生，540分，省内排名5045，超一本线21分，请问是否有希望报贵校金融学或工商管理学？其他专业有没有我的分数适合报的呢？谢谢！,考生应充分考虑平行志愿的特点、利弊以及我校招生计划、热门度等因素，建议第一院校志愿组报考广州大学；在填报我校的专业志愿时，考生可参考我校往年各专业的录取分数，注意专业冷热搭配，填专业志愿服从分配会增加被录取的机会。
984,0,我想问一下今年高考537可以报读贵校吗？机会大吗？请问市内是什么意思？,考生应充分考虑平行志愿的特点、利弊以及我校招生计划、热门度等因素，建议第一院校志愿组A志愿报考广州大学；在填报我校的专业志愿时，考生可参考我校往年各专业的录取分数（详见省教育考试院印发的普通高考《报考指南》），注意专业冷热搭配，填专业志愿服从分配会增加被录取的机会。
985,0,老师您好，我是河南理科考生，我今年高考528分，超出一本线23分，能报电子信息科学与技术这个专业吗？,请登录我校招生专网http://zj.gzhu.edu.cn/zszw/index.html，查询往年录取情况。
986,0,理科569能录取吗？大概排位多少能录取？,去年理科录取排位为61790
987,0,您好！如果广州考生报读贵校，555分能否被录取？谢谢！,考生应充分考虑平行志愿的特点、利弊以及我校招生计划、热门度等因素，建议第一院校志愿组A志愿报考广州大学；在填报我校的专业志愿时，考生可参考我校往年各专业的录取分数（详见省教育考试院印发的普通高考《报考指南》），注意专业冷热搭配，填专业志愿服从分配会增加被录取的机会。
988,0,您好，我想报考金融系2+2国际创新班，请问一下是否全英授课？还有金融系后二年是表格中的所有的大学都可以去吗？,详情可致电咨询020-396366236
989,0,老师，我是广州文科生559分，请问报考广大的新闻与传播专业的录取机会大吗？,应该有一定机会，建议考生参照我校往年录取分数填报志愿
990,0,贵校老师您好：我是广东理科生，请问537报贵校机械设计制造及其自动化有希望吗？,应该有一定机会，建议考生参照我校往年录取分数填报志愿
991,0,您好，我是广东理科生，高考成绩541分。报贵院的录取如何？日语专业理科生招的吗？谢谢！,应该有一定机会，建议考生参照我校往年录取分数填报志愿。日语招收理科生
992,0,我是应届理科考生，分数565，请问报考广大广播电视新闻学专业希望大吗？,应该有一定机会，建议考生参照我校往年录取分数填报志愿
993,0,你好，我是广州考生。在《招生目录》里的“工程管理”、“工商管理”和“英语”等专业有开合作实验班，但是备注着“只招收有专业志愿考生”是什么意思呢？是不是必须写在第一专业志愿呢？,备注着“只招收有专业志愿考生”是指该专业只招收有在1—6志愿中报考的考生
994,0,本人是广东考生，高考成绩509分，今年二A最低控制线为516，还有机会报到本校的二A专业吗？如有，如否推荐一下录取机会相对高一些的专业，谢谢！,"ææ ¡ä»æ¥æªéåå½å,ä½ å¯åç§å¶ä»æéåçå­¦æ ¡æ¥èã"
995,0,你好，贵校今年招收云南的预科生吗？我高一本线39分,我校今年没有招收云南的预科生
996,0,"贵校老师您好:我是广州市内的理科考生,今年高考分数542,看了报考指南上贵校物理学(师范)专业和应用数学(师范)平均分都是558,招收人数分别是52和92人.我的志向是成为理科类老师,请问我有希望上贵校读这两个之一吗?",考生应充分考虑平行志愿的特点、利弊以及我校招生计划、热门度等因素，建议第一院校志愿组A志愿报考广州大学；在填报我校的专业志愿时，考生可参考我校往年各专业的录取分数（详见省教育考试院印发的普通高考《报考指南》），注意专业冷热搭配，填专业志愿服从分配会增加被录取的机会。
997,0,老师您好，贵州文科生总分567，今年一本线522.上贵校有希望吗？报什么专业？,考生应充分考虑平行志愿的特点、利弊以及我校招生计划、热门度等因素，建议第一院校志愿组报考广州大学；在填报我校的专业志愿时，考生可参考我校往年各专业的录取分数，注意专业冷热搭配，填专业志愿服从分配会增加被录取的机会。
998,0,我是一名安徽文科考生，今年高考564分，超一本线24分，请问能否报考贵校志愿？谢谢,考生应充分考虑平行志愿的特点、利弊以及我校招生计划、热门度等因素，建议第一院校志愿组报考广州大学；在填报我校的专业志愿时，考生可参考我校往年各专业的录取分数，注意专业冷热搭配，填专业志愿服从分配会增加被录取的机会。
999,0,我2013高考成绩为523，可否报考你校？,考生应充分考虑平行志愿的特点、利弊以及我校招生计划、热门度等因素，建议第一院校志愿组报考广州大学；在填报我校的专业志愿时，考生可参考我校往年各专业的录取分数，注意专业冷热搭配，填专业志愿服从分配会增加被录取的机会。
1000,0,我2013高考成绩为523，可否报考你校？,考生应充分考虑平行志愿的特点、利弊以及我校招生计划、热门度等因素，建议第一院校志愿组报考广州大学；在填报我校的专业志愿时，考生可参考我校往年各专业的录取分数，注意专业冷热搭配，填专业志愿服从分配会增加被录取的机会。
1001,0,我2013年高考成绩523，报考你校可否录取？,考生应充分考虑平行志愿的特点、利弊以及我校招生计划、热门度等因素，建议第一院校志愿组报考广州大学；在填报我校的专业志愿时，考生可参考我校往年各专业的录取分数，注意专业冷热搭配，填专业志愿服从分配会增加被录取的机会。
1002,0,老师你好，我是山西考生请问贵校的调档比例是多少？是否提档不退档?特色专业有那些？一本B类专业在那个校区学习,调档比例是105%，凡第一院校志愿组报考广州大学的考生，只要达到我校出档线，服从专业调剂，符合录取条件，我校一律不退档，保证录取。（1）建筑学、土木工程、给排水科学与工程、计算机科学与技术、机械设计制造及其自动化等5个专业为国家级特色专业。（2）广东省重点学科：数学、土木工程为...[详细]
1003,0,"我是云南考生，514,理科，报考贵校不知怎么样？",考生应充分考虑平行志愿的特点、利弊以及我校招生计划、热门度等因素，建议第一院校志愿组报考广州大学；在填报我校的专业志愿时，考生可参考我校往年各专业的录取分数，注意专业冷热搭配，填专业志愿服从分配会增加被录取的机会。
1004,0,没考英语口试能报该校不？,可以
1005,0,老师您好！我是贵州省的考生，今年高考成绩是文科567分，想请问下报考贵校的一本财会专业有希望吗？,考生应充分考虑平行志愿的特点、利弊以及我校招生计划、热门度等因素，建议第一院校志愿组报考广州大学；在填报我校的专业志愿时，考生可参考我校往年各专业的录取分数，注意专业冷热搭配，填专业志愿服从分配会增加被录取的机会。
1006,0,您好，我是体育文科考生！第一志愿报考贵校是否合适，贵校在阳光招生网招生计划中写了体育（理）！而甘肃公布的招生目录里没说明。,考生可根据所在省公布的招生专业目录报考志愿
1007,0,您好，我是安徽一名艺术文科考生，学广播电视编导的，请问380分录取希望大吗？专业课排名第九,按往年录取情况，有机会录取。
1008,0,你好，我是广西考生，想知道贵校有没有预科班，分数线大概是多少，谢谢。,我校在广西没有预科班录取。
1009,0,"我是甘肃考生，507,理科，报考贵校不知怎么样？",按照往年录取，您第一志愿报考我校录取应该没问题。
1010,0,工商管理专业是否分文理科招生？,工商管理专业是文理兼招。
1011,0,（1）广州大学的数学与应用数学、信息与计算科学、土木工程、建筑环境与能源应用工程、给排水科学与工程、交通工程、建筑学、统计学等8个专业安排在广东省本科第一批次录取，不分区域面向全省招生。即是报考这些专业必须要过一本的分数线？广州市内的考生和广州市外的考生的录取分数线是一样...[详细],是的，这些专业在广东省都是在本科第一批次，不分区域。
1012,0,老师请问贵校专科2013在广东招师范类吗学费如何,专科没有师范类专业。
1013,0,我是河南考生，成绩只能挎个三本线，了解到你们这里有专科部，我想知道他是怎么招生的,我校在广东省外2013年未安排专科计划。
1014,0,老师您好，我是河南理科考生，想知道如果报考贵校的建筑学，在那个分数范围被录取的可能性大？,河南理科考生，2012年建筑学专业录取分数为563
1015,0,1.请问广州大学2013年在河南地区的招生计划2.贵校在河南是否有二本招生？,广州大学2013年在河南地区的招生计划为第一批本科
1016,0,您好！请教您，如果想报贵校日语专业，高考英语需多少分才能被录取？谢谢！,日语专业没有单科英语分数要求。
1017,0,你好，我是河南理科考生，有政策性加分，请问，1、对于我省认可的政策性加分，贵校在提档和专业录取时是否都予以认可，即一认到底？2、贵校有无级差？3、服从分配是否不退档？4、一本二本录取在毕业证书上有无区别？谢谢,答复：1、对于各省认可的政策性加分，我校在提档和专业录取时都予以认可，即一认到底。2、无专业级差。3、服从分配一般是不退档。4、一本二本录取在毕业证书上没有区别
1018,0,您好！我女儿是已康复的听力残疾生，她植入电子耳蜗助听效果不错，已从小学到高中一直就读普通学校。她不仅心态阳光，而且有较强的奋发图强精神与专业学习能力，她是优秀团员，学科代表并受过各项嘉奖。尊敬的老师，如果填报志愿合理并达到录取分数线，贵学院是否按照有关政策给予录取，如有...[详细],录取专业可参照体检标准意见
1019,0,您好，我是广州户籍的，在南海华附高中毕业和参加高考，请问我能以广州本地生录取贵校吗？,按往年是以广州本地生录取
1020,0,贵校调档比例为微调，理论上讲有一定的投档生按贵司规则将被退档（因招满退档），想冲一冲的考生敢投贵司吗？,体检合格，符合录取调件，服从专业调剂的考生投档不退档，所以勾选服从调剂很重要，只有6个专业志愿的线都不上的情况下才会调剂。
1021,0,提前批录取后可以转专业吗？,除教师专项和中外合作办学类别考生不能转外，其他类别的考生有4次申请转专业的机会
1022,0,老师：学校今年在我省的招生计划中没有我最想读的专业，开学后可以转专业吗？如果能转，有什么特殊要求吗？,有4次申请转专业机会，开放的专业都可以转，开放转的专业视学院情况每年都不一样，每个转入专业的要求都不一样，有的需要考试，有的对上学期的学业成绩有要求
1023,0,贵校今年招专科生吗,专科请咨询纺织服装学院，电话28046200
1024,0,贵校今年招专科生吗,请咨询纺织服装学院，电话28046200
1025,0,您好，报贵校生物技术专业要多少分以上才有机会录取,考生可上网查询我校往年录取统计http://zj.gzhu.edu.cn/zszw/index.html
1026,0,贵校老师您好：我是广东艺考生（音乐），请问能否以联考成绩填报贵校志愿？谢谢！,广东省考生报考音乐学、美术类专业不用参加我校组织的术科单考，只须参加广东省术科统考，并在高考后填报志愿即可。
1027,0,老师你好请问按往年本地生大概本二分出多少能入广州大学是理科生, 年级广东省分数线广州理科录取分数线20085245312009530551201056759220115045352012523551
1028,0,你好！我系广州考生，本人想读小语种或读师范的专业，请问贵校有开设相关专业吗？如有，请问大约的录取分数线，谢谢,我校2013年新增法语专业，并设有日语专业。并且有各科师范专业，往年录取分数在我校网页查询或查看报考指南。
1029,0,请问贵校有没有本硕或本博连读专业。,我校暂时没有本硕或本博连读专业。
